name,alcohol,sugar,acid,oz,style,glass,melt,ingredients,all_text,x,y,features
Angostura Fizz,0.012531328320802,0.075125313283208,0.0151607411604239,3.99,fizz,coupe,0.33,Angostura bitters|lime juice|simple syrup|grenadine|heavy cream|egg white|soda water,Angostura|Fizz|fizz|coupe|Angostura|bitters|lime|juice|simple|syrup|grenadine|heavy|cream|egg|white|soda|water,-58.653502883110946,-94.93397828444931,Angostura|Fizz|fizz|coupe
Blonde Redhead,0.0355603448275862,0.0892241379310345,0.00420258620689655,9.28,,,0.28,aperol|grapefruit juice|lemon juice|club soda,Blonde|Redhead|nan|nan|aperol|grapefruit|juice|lemon|juice|club|soda,47.25498590784017,41.38787128725857,Blonde|Redhead|nan|nan
Trident,0.09102564102564098,0.0333333333333333,0.0,3.9,stirred,coupe,0.3,dry sherry|Cynar|aquavit|Fee Brothers peach bitters,Trident|stirred|coupe|dry|sherry|Cynar|aquavit|Fee|Brothers|peach|bitters,6.994038825875614,39.56335968196343,Trident|stirred|coupe
Mojito,0.0987654320987654,0.0779012345679012,0.007407407407407409,6.075,shaken,highball,0.35,white rum|mint leaves|simple syrup|lime juice|club soda|mint sprig,Mojito|shaken|highball|white|rum|mint|leaves|simple|syrup|lime|juice|club|soda|mint|sprig,-71.44567333681523,75.75074789543451,Mojito|shaken|highball
Cricket Ball,0.0991735537190083,0.0275482093663912,0.0,4.5375,bubbly,flute,0.1,sugar|Peychaud's bitters|Fee Brothers rhubarb bitters|Lillet Rouge|champagne|lemon twist,Cricket|Ball|bubbly|flute|sugar|Peychaud's|bitters|Fee|Brothers|rhubarb|bitters|Lillet|Rouge|champagne|lemon|twist,16.03080184973184,66.6599607442746,Cricket|Ball|bubbly|flute
Landing Gear Fizz,0.101424501424501,0.155441595441595,0.0127635327635328,4.3875,shaken,Collins,0.35,Punt e Mes vermouth|falernum|lime juice|sherry|lime wheel|mint sprig,Landing|Gear|Fizz|shaken|Collins|Punt|e|Mes|vermouth|falernum|lime|juice|sherry|lime|wheel|mint|sprig,20.86330573779025,90.31990480247045,Landing|Gear|Fizz|shaken|Collins
Paloma,0.102564102564103,0.0740064102564103,0.00884615384615385,7.8,stirred,,0.3,tequila blanco|grapefruit juice|lime juice|simple syrup|club soda,Paloma|stirred|nan|tequila|blanco|grapefruit|juice|lime|juice|simple|syrup|club|soda,-25.218511343028805,-16.93551074196184,Paloma|stirred|nan
Scotch Toddy,0.10416666666666699,0.0596354166666667,0.00390625,7.68,hot,mug,0.28,blended scotch whiskey|honey|lemon juice|boiling water,Scotch|Toddy|hot|mug|blended|scotch|whiskey|honey|lemon|juice|boiling|water,69.10583049298242,-34.85822247767749,Scotch|Toddy|hot|mug
Southside Cocktail,0.10774410774410802,0.0637373737373737,0.00606060606060606,7.425,shaken,coupe,0.35,gin|mint leaves|lemon juice|simple syrup|club soda,Southside|Cocktail|shaken|coupe|gin|mint|leaves|lemon|juice|simple|syrup|club|soda,26.967094676250802,-14.23409624035705,Southside|Cocktail|shaken|coupe
Tom Collins,0.10774410774410802,0.0637373737373737,0.00606060606060606,7.425,shaken,,0.35,gin|lemon juice|simple syrup|club soda,Tom|Collins|shaken|nan|gin|lemon|juice|simple|syrup|club|soda,-44.291132016782,59.8794760351045,Tom|Collins|shaken|nan
Southland Sipper,0.10974702380952402,0.0795386904761905,0.00669642857142857,6.72,,,0.28,strawberry|simple syrup|rye whiskey|Benedictine|lemon juice|Angostura bitters|club soda,Southland|Sipper|nan|nan|strawberry|simple|syrup|rye|whiskey|Benedictine|lemon|juice|Angostura|bitters|club|soda,39.50158163599257,63.46400485258543,Southland|Sipper|nan|nan
Ramos Gin Fizz,0.11278195488721801,0.0805451127819549,0.012593984962406,5.32,fizz,collins,0.33,Old Tom gin|egg white|heavy cream|orange flower water|simple syrup|lemon juice|lime juice|soda water|orange wheel,Ramos|Gin|Fizz|fizz|collins|Old|Tom|gin|egg|white|heavy|cream|orange|flower|water|simple|syrup|lemon|juice|lime|juice|soda|water|orange|wheel,64.22342636981767,25.77794829504546,Ramos|Gin|Fizz|fizz|collins
Bitter Guiseppe,0.11715976331360901,0.0861538461538462,0.0049704142011834295,4.225,stirred,coupe,0.3,Cynar|sweet vermouth|lemon juice|orange bitter,Bitter|Guiseppe|stirred|coupe|Cynar|sweet|vermouth|lemon|juice|orange|bitter,48.73189432914649,-38.38317201649995,Bitter|Guiseppe|stirred|coupe
Planter's Punch,0.118518518518519,0.0647407407407407,0.0114567901234568,5.0625,shaken,old-fashioned,0.35,dark rum|pineapple juice|lime juice|orange juice|simple syrup|pineapple wedge|orange wheel|mint sprig,Planter's|Punch|shaken|old-fashioned|dark|rum|pineapple|juice|lime|juice|orange|juice|simple|syrup|pineapple|wedge|orange|wheel|mint|sprig,-14.978300060523011,-76.90092237549482,Planter's|Punch|shaken|old-fashioned
Apple Toddy,0.120967734131114,0.0432208074434157,0.0,6.61333376,hot,mug,0.28,applejack|maple syrup|Angostura bitters|cinnamon tea,Apple|Toddy|hot|mug|applejack|maple|syrup|Angostura|bitters|cinnamon|tea,7.399128516737248,-34.32729196657176,Apple|Toddy|hot|mug
Bourbon Toddy,0.120967734131114,0.0154990219335308,0.0,6.61333376,hot,mug,0.28,bourbon whiskey|simple syrup|Angostura bitters|boiling water,Bourbon|Toddy|hot|mug|bourbon|whiskey|simple|syrup|Angostura|bitters|boiling|water,81.50056462672492,-45.32018698508011,Bourbon|Toddy|hot|mug
Rum Toddy,0.120967734131114,0.0154990219335308,0.0,6.61333376,hot,mug,0.28,aged rum|simple syrup|Angostura bitters|boiling water,Rum|Toddy|hot|mug|aged|rum|simple|syrup|Angostura|bitters|boiling|water,-96.39824142215512,-62.57491419557937,Rum|Toddy|hot|mug
Moscow Mule,0.12121212121212101,0.0717045454545455,0.0068181818181818205,6.6,built,,0.2,vodka|ginger syrup|lime juice|club soda,Moscow|Mule|built|nan|vodka|ginger|syrup|lime|juice|club|soda,44.21999252088076,81.16253862107244,Moscow|Mule|built|nan
Jungle Bird,0.12163742690058502,0.10159844054580901,0.0102923976608187,6.4125,shaken,old-fashioned,0.35,blackstrap rum|pineapple juice|Campari|lime juice|simple syrup|pineapple wedge,Jungle|Bird|shaken|old-fashioned|blackstrap|rum|pineapple|juice|Campari|lime|juice|simple|syrup|pineapple|wedge,-105.70275068063265,-96.36288151202238,Jungle|Bird|shaken|old-fashioned
Esplanade Swizzle,0.125714285714286,0.11228571428571402,0.00904761904761905,5.25,swizzle,Collins,0.4,mezcal|sherry|lime juice|falernum|ginger syrup|mint sprig,Esplanade|Swizzle|swizzle|Collins|mezcal|sherry|lime|juice|falernum|ginger|syrup|mint|sprig,80.68517153085106,12.21800449322791,Esplanade|Swizzle|swizzle|Collins
Southside Fizz,0.126482213438735,0.0991304347826087,0.00711462450592885,6.325,bubbly,,0.1,mint leaves|cucumber wheel|simple syrup|gin|lime juice|club soda,Southside|Fizz|bubbly|nan|mint|leaves|cucumber|wheel|simple|syrup|gin|lime|juice|club|soda,45.094281743377714,-84.22609263628851,Southside|Fizz|bubbly|nan
Hot Toddy,0.128528217514309,0.0154990219335308,0.0,6.61333376,hot,mug,0.28,rye whiskey|simple syrup|Angostura bitters|boiling water,Hot|Toddy|hot|mug|rye|whiskey|simple|syrup|Angostura|bitters|boiling|water,83.10805361670701,-29.80248870242847,Hot|Toddy|hot|mug
Blood and Sand,0.129320987654321,0.0449382716049383,0.00209876543209877,4.05,shaken,coupe,0.35,blended scotch whiskey|sweet vermouth|Cheery Heering|orange juice|orange twist,Blood|and|Sand|shaken|coupe|blended|scotch|whiskey|sweet|vermouth|Cheery|Heering|orange|juice|orange|twist,53.13989197418158,-108.09313825534268,Blood|and|Sand|shaken|coupe
The Bamboo,0.130859375,0.01953125,0.00234375,3.84,,,0.28,sherry|dry vermouth|orange bitters|Angostura bitters,The|Bamboo|nan|nan|sherry|dry|vermouth|orange|bitters|Angostura|bitters,109.33263325012017,-21.19094590038201,The|Bamboo|nan|nan
Champagne Cocktail,0.133037694013304,0.0221729490022173,0.0,5.6375,bubbly,flute,0.1,champagne|sugar|Angostura bitters|lemon twist,Champagne|Cocktail|bubbly|flute|champagne|sugar|Angostura|bitters|lemon|twist,129.4434791673546,42.184208593191556,Champagne|Cocktail|bubbly|flute
Pisco Sour,0.133667502088555,0.0790726817042606,0.0075187969924812,5.985,fizz,coupe,0.33,pisco|egg white|simple syrup|lime juice|Angostura bitters,Pisco|Sour|fizz|coupe|pisco|egg|white|simple|syrup|lime|juice|Angostura|bitters,-75.0539626174406,-87.68077637769566,Pisco|Sour|fizz|coupe
Old Hickory,0.141666666666667,0.0791666666666667,0.005,3.6,built,old-fashioned,0.2,sweet vermouth|dry vermouth|Peychaud's bitters|orange bitters|lemon twist,Old|Hickory|built|old-fashioned|sweet|vermouth|dry|vermouth|Peychaud's|bitters|orange|bitters|lemon|twist,-53.81083255550836,-61.618392334785284,Old|Hickory|built|old-fashioned
Margarita,0.14251739936348098,0.109299478893435,0.0146889098730458,7.14825,shaken,coupe,0.35,tequila|triple sec|lime juice|lemon juice|simple syrup|salt,Margarita|shaken|coupe|tequila|triple|sec|lime|juice|lemon|juice|simple|syrup|salt,-51.431703589050436,-12.767118849464554,Margarita|shaken|coupe
Goslings Swizzle,0.14285714285714302,0.0758730158730159,0.00547619047619048,6.3,swizzle,Collins,0.4,aged rum|dark rum|orange juice|pineapple juice|falernum|Angostura bitters|mint sprig|orange peel,Goslings|Swizzle|swizzle|Collins|aged|rum|dark|rum|orange|juice|pineapple|juice|falernum|Angostura|bitters|mint|sprig|orange|peel,-74.96455179964845,-62.52163234093893,Goslings|Swizzle|swizzle|Collins
Whiskey Sour,0.146079484425349,0.0809881847475833,0.00644468313641246,5.81875,fizz,coupe,0.33,rye whiskey|egg white|simple syrup|lemon juice|salt,Whiskey|Sour|fizz|coupe|rye|whiskey|egg|white|simple|syrup|lemon|juice|salt,-48.666614479267096,82.22607148052569,Whiskey|Sour|fizz|coupe
Scofflaw Cocktail,0.150462962962963,0.0716666666666667,0.009861111111111109,5.4,shaken,coupe,0.35,rye whiskey|dry vermouth|lemon juice|grenadine|orange bitter|orange twist,Scofflaw|Cocktail|shaken|coupe|rye|whiskey|dry|vermouth|lemon|juice|grenadine|orange|bitter|orange|twist,-107.89979015209914,22.320033819762365,Scofflaw|Cocktail|shaken|coupe
Brandy 75,0.156565656565657,0.0637373737373737,0.00606060606060606,4.95,bubbly,,0.1,cognac|lemon juice|simple syrup|champagne,Brandy|75|bubbly|nan|cognac|lemon|juice|simple|syrup|champagne,86.13691355765397,60.137209566017404,Brandy|75|bubbly|nan
French 75,0.156565656565657,0.0637373737373737,0.00606060606060606,4.95,bubbly,,0.1,gin|lemon juice|simple syrup|champagne,French|75|bubbly|nan|gin|lemon|juice|simple|syrup|champagne,40.07605018124684,102.68107183569927,French|75|bubbly|nan
Pisco 75,0.156565656565657,0.0637373737373737,0.00606060606060606,4.95,bubbly,,0.1,strawberry|simple syrup|pisco|lemon juice|champagne,Pisco|75|bubbly|nan|strawberry|simple|syrup|pisco|lemon|juice|champagne,-21.777252325781884,59.79411550740456,Pisco|75|bubbly|nan
Rum 75,0.156565656565657,0.0637373737373737,0.00606060606060606,4.95,bubbly,,0.1,aged rum|lemon juice|simple syrup|champagne,Rum|75|bubbly|nan|aged|rum|lemon|juice|simple|syrup|champagne,-30.109801496436585,114.48435038464612,Rum|75|bubbly|nan
Tequila 75,0.156565656565657,0.0521212121212121,0.00606060606060606,4.95,bubbly,,0.1,tequila blanco|lemon juice|agave nectar|champagne,Tequila|75|bubbly|nan|tequila|blanco|lemon|juice|agave|nectar|champagne,-1.4461375414013957,16.892388086379487,Tequila|75|bubbly|nan
Cuba Kola,0.15674074074074099,0.0731555555555556,0.0151607411604239,8.4375,shaken,old-fashioned,0.35,lime juice|overproof rum|orange juice|dark rum|honey syrup|Angostura bitters|absinthe|pineapple wedge|cherry,Cuba|Kola|shaken|old-fashioned|lime|juice|overproof|rum|orange|juice|dark|rum|honey|syrup|Angostura|bitters|absinthe|pineapple|wedge|cherry,-92.48959113123034,-24.242904631878652,Cuba|Kola|shaken|old-fashioned
Gargoyle and Spire,0.15909090909090898,0.0349431818181818,0.0,4.4,bubbly,highball,0.1,gin|Strega|simple syrup|orange bitters|champagne|orange twist,Gargoyle|and|Spire|bubbly|highball|gin|Strega|simple|syrup|orange|bitters|champagne|orange|twist,36.286687978421746,18.48313204156888,Gargoyle|and|Spire|bubbly|highball
Bitter French,0.159808612440191,0.07186602870813401,0.0057416267942583706,5.225,bubbly,,0.1,gin|Campari|lemon juice|simple syrup|champagne,Bitter|French|bubbly|nan|gin|Campari|lemon|juice|simple|syrup|champagne,84.54281831550738,-81.36640333804775,Bitter|French|bubbly|nan
Classic Daiquiri,0.163473818646232,0.0971136653895275,0.010727969348659001,4.89375,shaken,coupe,0.35,white rum|lime juice|simple syrup,Classic|Daiquiri|shaken|coupe|white|rum|lime|juice|simple|syrup,36.14842290692465,-59.77786083423537,Classic|Daiquiri|shaken|coupe
Bee's Knees,0.169312169312169,0.10015873015873,0.00952380952380952,4.725,shaken,coupe,0.35,gin|lemon juice|honey syrup|lemon wheel,Bee's|Knees|shaken|coupe|gin|lemon|juice|honey|syrup|lemon|wheel,-73.52765848532307,-20.266668571927244,Bee's|Knees|shaken|coupe
Brown Derby,0.169312169312169,0.0870899470899471,0.005079365079365079,4.725,shaken,coupe,0.35,bourbon whiskey|grapefruit juice|honey syrup|grapefruit twist,Brown|Derby|shaken|coupe|bourbon|whiskey|grapefruit|juice|honey|syrup|grapefruit|twist,69.47080465539557,-8.770863692130261,Brown|Derby|shaken|coupe
Gimlet,0.169312169312169,0.10015873015873,0.00952380952380952,4.725,shaken,coupe,0.35,gin|lime juice|simple syrup|lime wheel,Gimlet|shaken|coupe|gin|lime|juice|simple|syrup|lime|wheel,-101.304941011159,-38.247450328988876,Gimlet|shaken|coupe
Gold Rush,0.169312169312169,0.10015873015873,0.00952380952380952,4.725,shaken,old-fashioned,0.35,bourbon whiskey|lemon juice|honey syrup,Gold|Rush|shaken|old-fashioned|bourbon|whiskey|lemon|juice|honey|syrup,-19.898665789772206,-49.952577354194354,Gold|Rush|shaken|old-fashioned
Honeysuckle,0.169312169312169,0.10015873015873,0.00952380952380952,4.725,shaken,coupe,0.35,white rum|lime juice|honey syrup|lime wheel,Honeysuckle|shaken|coupe|white|rum|lime|juice|honey|syrup|lime|wheel,-38.576653771509086,-79.50661785518199,Honeysuckle|shaken|coupe
Ode To Viceroy,0.17283950617284,0.13962962962963,0.00802469135802469,4.05,shaken,old-fashioned,0.35,blended scotch whiskey|falernum|lime juice|ginger syrup|lime wheel,Ode|To|Viceroy|shaken|old-fashioned|blended|scotch|whiskey|falernum|lime|juice|ginger|syrup|lime|wheel,-30.91383841191419,-64.75190116524657,Ode|To|Viceroy|shaken|old-fashioned
Summer Negroni,0.174479166666667,0.0963541666666667,0.0015625,3.84,,,0.28,gin|aperol|bianco vermouth,Summer|Negroni|nan|nan|gin|aperol|bianco|vermouth,55.79683360666714,53.6007655907765,Summer|Negroni|nan|nan
Chartreuse Swizzle,0.176190476190476,0.141142857142857,0.0136190476190476,5.25,swizzle,Collins,0.4,Green Chartreuse|pineapple juice|lime juice|falernum|nutmeg|mint sprig,Chartreuse|Swizzle|swizzle|Collins|Green|Chartreuse|pineapple|juice|lime|juice|falernum|nutmeg|mint|sprig,9.4353141320365,-17.38149391015656,Chartreuse|Swizzle|swizzle|Collins
The Bitter Handshake,0.176923076923077,0.20512820512820498,0.00307692307692308,3.9,stirred,old-fashioned,0.3,Fernet Branca|blood orange juice reduction|rye whiskey simple syrup|orange spiral,The|Bitter|Handshake|stirred|old-fashioned|Fernet|Branca|blood|orange|juice|reduction|rye|whiskey|simple|syrup|orange|spiral,0.47130070262445795,83.13604584000751,The|Bitter|Handshake|stirred|old-fashioned
Daiquiri,0.178571428571429,0.10563616071428598,0.0100446428571429,4.48,,,0.28,white rum|lime juice|simple syrup,Daiquiri|nan|nan|white|rum|lime|juice|simple|syrup,55.97719307668796,66.81272288768685,Daiquiri|nan|nan
20th Century Cocktail,0.17925925925925895,0.074962962962963,0.00977777777777778,5.0625,shaken,coupe,0.35,gin|lemon juice|creme de cacao|Lillet Blanc,20th|Century|Cocktail|shaken|coupe|gin|lemon|juice|creme|de|cacao|Lillet|Blanc,-99.78135122165797,40.095951060432746,20th|Century|Cocktail|shaken|coupe
Abbey Cocktail,0.17962962962963,0.0405555555555556,0.00259259259259259,4.05,shaken,coupe,0.35,gin|Lillet Blanc|orange juice|orange bitters|cherry,Abbey|Cocktail|shaken|coupe|gin|Lillet|Blanc|orange|juice|orange|bitters|cherry,286.928519752839,-40.46887562052321,Abbey|Cocktail|shaken|coupe
Corpse Reviver #2,0.17962962962963,0.0668518518518519,0.0122222222222222,4.05,shaken,coupe,0.35,gin|lemon juice|Cointreau|Lillet Blanc|absinthe|orange twist,Corpse|Reviver|#2|shaken|coupe|gin|lemon|juice|Cointreau|Lillet|Blanc|absinthe|orange|twist,29.01830673265366,-35.374902972930116,Corpse|Reviver|#2|shaken|coupe
Brandy Alexander,0.18233618233618198,0.0418803418803419,0.0015954415954416,4.3875,shaken,coupe,0.35,cognac|heavy cream|simple syrup|grated nutmeg,Brandy|Alexander|shaken|coupe|cognac|heavy|cream|simple|syrup|grated|nutmeg,-89.74636908727982,2.464882826918035,Brandy|Alexander|shaken|coupe
Mai Tai,0.185185185185185,0.0937037037037037,0.0111111111111111,5.4,shaken,Collins,0.35,dark rum|aged rum|lime juice|orange curacao|orgeat|mint spring,Mai|Tai|shaken|Collins|dark|rum|aged|rum|lime|juice|orange|curacao|orgeat|mint|spring,99.74179775983653,2.488568419231291,Mai|Tai|shaken|Collins
Penicillin,0.186153846153846,0.0970769230769231,0.00923076923076923,4.875,stirred,coupe,0.3,blended scotch whiskey|lemon juice|honey syrup|fresh ginger|Islay scotch whiskey,Penicillin|stirred|coupe|blended|scotch|whiskey|lemon|juice|honey|syrup|fresh|ginger|Islay|scotch|whiskey,-69.12335623657293,200.36353020837728,Penicillin|stirred|coupe
Hemingway Daiquiri,0.18962962962963,0.0472098765432099,0.0112592592592593,5.0625,shaken,coupe,0.35,white rum|lime juice|grapefruit juice|Luxardo Maraschino|salt|lime wheel,Hemingway|Daiquiri|shaken|coupe|white|rum|lime|juice|grapefruit|juice|Luxardo|Maraschino|salt|lime|wheel,-11.90173009588324,-27.737257472345224,Hemingway|Daiquiri|shaken|coupe
Cosmopolitan,0.190476190476191,0.0624867724867725,0.0120634920634921,4.725,shaken,coupe,0.35,Absolut Citron vodka|Cointreau|cranberry juice|lime juice|orange twist,Cosmopolitan|shaken|coupe|Absolut|Citron|vodka|Cointreau|cranberry|juice|lime|juice|orange|twist,-25.844187915740033,-95.63175556057753,Cosmopolitan|shaken|coupe
Sawyer,0.19753086419753102,0.0779012345679012,0.007407407407407409,4.05,shaken,old-fashioned,0.35,gin|lime juice|simple syrup|Angostura bitters|Peychaud's bitters|orange bitters,Sawyer|shaken|old-fashioned|gin|lime|juice|simple|syrup|Angostura|bitters|Peychaud's|bitters|orange|bitters,-17.481461350597282,-63.29140830185304,Sawyer|shaken|old-fashioned
Harvard Cocktail,0.201041641536462,0.0557407763657363,0.00555555513888894,3.60000045,shaken,coupe,0.35,cognac|sweet vermouth|lemon juice|grenadine|Angostura bitters|lemon twist,Harvard|Cocktail|shaken|coupe|cognac|sweet|vermouth|lemon|juice|grenadine|Angostura|bitters|lemon|twist,59.43911037675431,-63.01454663498358,Harvard|Cocktail|shaken|coupe
La Rosa,0.209486166007905,0.0758102766798419,0.00711462450592885,6.325,bubbly,,0.1,strawberry|simple syrup|tequila blanco|amaro|lemon juice|pink champagne,La|Rosa|bubbly|nan|strawberry|simple|syrup|tequila|blanco|amaro|lemon|juice|pink|champagne,59.34494834106289,94.55737649065611,La|Rosa|bubbly|nan
Alabazam,0.218855218855219,0.0761616161616162,0.0040404040404040395,3.7125,shaken,coupe,0.35,cognac|Cointreau|Angostura bitters|lemon juice|simple syrup,Alabazam|shaken|coupe|cognac|Cointreau|Angostura|bitters|lemon|juice|simple|syrup,-39.06193258784501,16.62194110992841,Alabazam|shaken|coupe
Hanky Panky,0.22165992727466396,0.0615384615384615,0.00218623458768381,4.1166671,stirred,coupe,0.3,gin|sweet vermouth|Fernet Branca|orange twist,Hanky|Panky|stirred|coupe|gin|sweet|vermouth|Fernet|Branca|orange|twist,120.87379550117994,76.12946533445958,Hanky|Panky|stirred|coupe
Original Cosmopolitan,0.222222222222222,0.0546759259259259,0.01,5.4,shaken,coupe,0.35,Absolut Citron vodka|Cointreau|cranberry juice|lime juice|orange twist,Original|Cosmopolitan|shaken|coupe|Absolut|Citron|vodka|Cointreau|cranberry|juice|lime|juice|orange|twist,-303.06486038081596,13.022627040512992,Original|Cosmopolitan|shaken|coupe
Negroni,0.223611111111111,0.111111111111111,0.00166666666666667,3.6,built,old-fashioned,0.2,gin|sweet vermouth|Campari|orange twist,Negroni|built|old-fashioned|gin|sweet|vermouth|Campari|orange|twist,270.81119841831713,-95.7679403402331,Negroni|built|old-fashioned
Champs Elysees,0.225374325972871,0.0746887406884287,0.00851063757356276,5.28750045,shaken,coupe,0.35,cognac|Cointreau|Green Chartreuse|lemon juice|simple syrup|Angostura bitters,Champs|Elysees|shaken|coupe|cognac|Cointreau|Green|Chartreuse|lemon|juice|simple|syrup|Angostura|bitters,-64.71460273035017,10.517340886419385,Champs|Elysees|shaken|coupe
Boulevardier,0.229120879120879,0.0879120879120879,0.00131868131868132,4.55,stirred,coupe,0.3,rye whiskey|sweet vermouth|Campari|orange twist,Boulevardier|stirred|coupe|rye|whiskey|sweet|vermouth|Campari|orange|twist,-18.87234663895935,21.216355090826948,Boulevardier|stirred|coupe
Blackthorn,0.23365384615384602,0.0692307692307692,0.00115384615384615,3.9,stirred,coupe,0.3,gin|sweet vermouth|sloe gin|orange bitters|orange twist,Blackthorn|stirred|coupe|gin|sweet|vermouth|sloe|gin|orange|bitters|orange|twist,74.32400312498191,75.7962065360689,Blackthorn|stirred|coupe
Seelbach Cocktail,0.23376623376623398,0.0324675324675325,0.0,3.85,bubbly,coupe,0.1,bourbon whiskey|Cointreau|Angostura bitters|Peychaud's bitters|champagne|orange twist,Seelbach|Cocktail|bubbly|coupe|bourbon|whiskey|Cointreau|Angostura|bitters|Peychaud's|bitters|champagne|orange|twist,21.47900846215411,-115.70066354689774,Seelbach|Cocktail|bubbly|coupe
Last Word,0.235185185185185,0.11407407407407401,0.0111111111111111,4.05,shaken,coupe,0.35,gin|Green Chartreuse|Luxardo Maraschino|lime juice|salt,Last|Word|shaken|coupe|gin|Green|Chartreuse|Luxardo|Maraschino|lime|juice|salt,17.38399931835409,-49.30998483601363,Last|Word|shaken|coupe
Martinez,0.23605769356971104,0.06298079501201599,0.0017307690144231,3.4666671,stirred,coupe,0.3,gin|sweet vermouth|Luxardo Maraschino|Angostura bitters,Martinez|stirred|coupe|gin|sweet|vermouth|Luxardo|Maraschino|Angostura|bitters,-72.54171376338473,24.425578316536512,Martinez|stirred|coupe
Baker Street Swizzle,0.23626373626373603,0.0841758241758242,0.007417582417582421,4.55,swizzle,Collins,0.4,absinthe|falernum|Angostura bitters|lemon juice|mint leaves|mint sprig,Baker|Street|Swizzle|swizzle|Collins|absinthe|falernum|Angostura|bitters|lemon|juice|mint|leaves|mint|sprig,-62.19384196347562,38.23405239379779,Baker|Street|Swizzle|swizzle|Collins
Sidecar,0.237037037037037,0.0517530864197531,0.00888888888888889,5.0625,shaken,coupe,0.35,cognac|Cointreau|lemon juice,Sidecar|shaken|coupe|cognac|Cointreau|lemon|juice,-65.5355154687554,-5.581743578526104,Sidecar|shaken|coupe
Brandy Crusta,0.246153846153846,0.0422792022792023,0.00683760683760684,4.3875,shaken,coupe,0.35,cognac|lemon juice|orange curacao|Luxardo Maraschino|lemon spiral|sugar,Brandy|Crusta|shaken|coupe|cognac|lemon|juice|orange|curacao|Luxardo|Maraschino|lemon|spiral|sugar,-49.96324967412671,5.292550770229824,Brandy|Crusta|shaken|coupe
Japanese Cocktail,0.246153846153846,0.123076923076923,0.0,3.25,stirred,coupe,0.3,cognac|orgeat|Angostura bitters|lemon twist,Japanese|Cocktail|stirred|coupe|cognac|orgeat|Angostura|bitters|lemon|twist,-40.19525893413048,-114.94734045944327,Japanese|Cocktail|stirred|coupe
Bourbon Manhattan,0.247435897435897,0.041025641025641,0.00153846153846154,3.9,stirred,coupe,0.3,bourbon whiskey|sweet vermouth|Angostura bitters|cherry,Bourbon|Manhattan|stirred|coupe|bourbon|whiskey|sweet|vermouth|Angostura|bitters|cherry,-6.531112463949414,33.169251546683604,Bourbon|Manhattan|stirred|coupe
Jersey Julep,0.25,0.13671875,0.0,3.2,,,0.28,mint leaves|maple syrup|apple brandy,Jersey|Julep|nan|nan|mint|leaves|maple|syrup|apple|brandy,-4.931178349183409,105.06332605674329,Jersey|Julep|nan|nan
Montegomatica,0.250661378921013,0.0946031678458055,0.0103174595804989,6.30000045,shaken,hurricane,0.35,overproof rum|Fernet Branca|falernum|lime juice|mint sprig|blackstrap rum,Montegomatica|shaken|hurricane|overproof|rum|Fernet|Branca|falernum|lime|juice|mint|sprig|blackstrap|rum,23.805141345317942,31.10544583647978,Montegomatica|shaken|hurricane
Pegu Club,0.250712250712251,0.0325925925925926,0.00683760683760684,4.3875,shaken,coupe,0.35,gin|lime juice|orange curacao|Angostura bitters|orange bitters,Pegu|Club|shaken|coupe|gin|lime|juice|orange|curacao|Angostura|bitters|orange|bitters,54.597810420601235,10.304715997673165,Pegu|Club|shaken|coupe
Old Pal,0.25521978021978,0.0445054945054945,0.000989010989010989,4.55,stirred,coupe,0.3,rye whiskey|dry vermouth|Campari,Old|Pal|stirred|coupe|rye|whiskey|dry|vermouth|Campari,-21.95035233357328,39.541063401946225,Old|Pal|stirred|coupe
Black Feather,0.258241758241758,0.0340659340659341,0.00131868131868132,4.55,stirred,coupe,0.3,cognac|dry vermouth|Cointreau|Angostura bitters,Black|Feather|stirred|coupe|cognac|dry|vermouth|Cointreau|Angostura|bitters,24.448849692023025,48.09708499057945,Black|Feather|stirred|coupe
Brooklyn,0.25857988165680496,0.0479289940828402,0.000710059171597633,4.225,stirred,coupe,0.3,rye whiskey|Amer Picon|dry vermouth|Luxardo Maraschino|Angostura bitters|cherry,Brooklyn|stirred|coupe|rye|whiskey|Amer|Picon|dry|vermouth|Luxardo|Maraschino|Angostura|bitters|cherry,-3.371876760432437,53.523701816884675,Brooklyn|stirred|coupe
Bobby Burns,0.2625,0.046474358974359,0.00115384615384615,3.9,stirred,coupe,0.3,blended scotch whiskey|sweet vermouth|Benedictine|lemon twist,Bobby|Burns|stirred|coupe|blended|scotch|whiskey|sweet|vermouth|Benedictine|lemon|twist,43.94080610741242,-2.232078660203717,Bobby|Burns|stirred|coupe
Rob Roy,0.265976331360947,0.0284023668639053,0.00106508875739645,4.225,stirred,coupe,0.3,blended scotch whiskey|sweet vermouth|Angostura bitters|lemon twist,Rob|Roy|stirred|coupe|blended|scotch|whiskey|sweet|vermouth|Angostura|bitters|lemon|twist,4.6252351302517685,-101.1192796255659,Rob|Roy|stirred|coupe
Zim Zala Bim,0.266666601025667,0.0717949866666207,0.0,3.2500013,stirred,coupe,0.3,reposado tequila|orange bitters|St Germain|sugar|lemon twist,Zim|Zala|Bim|stirred|coupe|reposado|tequila|orange|bitters|St|Germain|sugar|lemon|twist,-22.561710977768158,79.40352743231495,Zim|Zala|Bim|stirred|coupe
Vieux Carre,0.268910256410256,0.046474358974359,0.00115384615384615,3.9,stirred,old-fashioned,0.3,rye whiskey|cognac|sweet vermouth|Benedictine|Angostura bitters|Peychaud's bitters,Vieux|Carre|stirred|old-fashioned|rye|whiskey|cognac|sweet|vermouth|Benedictine|Angostura|bitters|Peychaud's|bitters,-32.98757182544567,-4.155106357734549,Vieux|Carre|stirred|old-fashioned
Manhattan,0.272377622377622,0.0335664335664336,0.00125874125874126,3.575,stirred,coupe,0.3,rye whiskey|sweet vermouth|Angostura bitters|orange twist,Manhattan|stirred|coupe|rye|whiskey|sweet|vermouth|Angostura|bitters|orange|twist,44.06501637419237,-18.789821644712678,Manhattan|stirred|coupe
Corn 'n' Oil,0.272727272727273,0.07696969696969701,0.0053030303030303,3.3,built,old-fashioned,0.2,blackstrap rum|falernum|lime juice|Angostura bitters|lime wedge,Corn|'n'|Oil|built|old-fashioned|blackstrap|rum|falernum|lime|juice|Angostura|bitters|lime|wedge,-68.57263572761879,-43.47528332553165,Corn|'n'|Oil|built|old-fashioned
100 Year-Old Cigar,0.27948717948717894,0.0442307692307692,0.0,3.9,stirred,coupe,0.3,aged rum|Cynar|Benedictine|Islay scotch whiskey|Angostura bitters|absinthe,100|Year-Old|Cigar|stirred|coupe|aged|rum|Cynar|Benedictine|Islay|scotch|whiskey|Angostura|bitters|absinthe,-38.638684818465016,38.91798173928566,100|Year-Old|Cigar|stirred|coupe
Bijou,0.28589743589743605,0.105128205128205,0.00153846153846154,3.9,stirred,coupe,0.3,gin|sweet vermouth|Green Chartreuse|orange bitters|cherry|lemon twist,Bijou|stirred|coupe|gin|sweet|vermouth|Green|Chartreuse|orange|bitters|cherry|lemon|twist,13.035515771622807,18.60090306231158,Bijou|stirred|coupe
Improved Whiskey Cocktail,0.28615384615384604,0.0742307692307692,0.0,3.25,stirred,old-fashioned,0.3,rye whiskey|simple syrup|Luxardo Maraschino|Angostura bitters|absinthe|lemon twist,Improved|Whiskey|Cocktail|stirred|old-fashioned|rye|whiskey|simple|syrup|Luxardo|Maraschino|Angostura|bitters|absinthe|lemon|twist,119.9020412159926,17.552842638766652,Improved|Whiskey|Cocktail|stirred|old-fashioned
De La Louisiane,0.29038461538461496,0.0519230769230769,0.000769230769230769,3.9,stirred,coupe,0.3,rye whiskey|Benedictine|sweet vermouth|Peychaud's bitters|Angostura bitters|absinthe|cherry,De|La|Louisiane|stirred|coupe|rye|whiskey|Benedictine|sweet|vermouth|Peychaud's|bitters|Angostura|bitters|absinthe|cherry,-73.89856009300951,55.477621385440045,De|La|Louisiane|stirred|coupe
Sazerac,0.290598290598291,0.0525641025641026,0.0,2.925,stirred,old-fashioned,0.3,rye whiskey|simple syrup|Peychaud's bitters|absinthe|lemon peel,Sazerac|stirred|old-fashioned|rye|whiskey|simple|syrup|Peychaud's|bitters|absinthe|lemon|peel,-3.538584951320652,-51.40675156502485,Sazerac|stirred|old-fashioned
Toronto,0.29153846153846197,0.0534615384615385,0.0,3.25,stirred,coupe,0.3,rye whiskey|Fernet Branca|simple syrup|Angostura bitters|orange twist,Toronto|stirred|coupe|rye|whiskey|Fernet|Branca|simple|syrup|Angostura|bitters|orange|twist,73.96679683825806,39.891650959777,Toronto|stirred|coupe
Agave Old Fashioned,0.307692260355037,0.0320513412228706,0.0,2.6000004,built,old-fashioned,0.2,tequila reposado|agave nectar|Angostura bitters,Agave|Old|Fashioned|built|old-fashioned|tequila|reposado|agave|nectar|Angostura|bitters,-43.48365228817069,-51.9566529795304,Agave|Old|Fashioned|built|old-fashioned
Applejack Old Fashioned,0.307692260355037,0.109935992702155,0.0,2.6000004,built,old-fashioned,0.2,applejack|maple syrup|Angostura bitters,Applejack|Old|Fashioned|built|old-fashioned|applejack|maple|syrup|Angostura|bitters,-36.191241121211206,-39.50008399814282,Applejack|Old|Fashioned|built|old-fashioned
Rum Old Fashioned,0.307692260355037,0.0394231497041308,0.0,2.6000004,built,old-fashioned,0.2,aged rum|simple syrup|Angostura bitters,Rum|Old|Fashioned|built|old-fashioned|aged|rum|simple|syrup|Angostura|bitters,3.9116343926049932,-79.82268633810749,Rum|Old|Fashioned|built|old-fashioned
Scotch Old Fashioned,0.307692260355037,0.0576924142011671,0.0,2.6000004,built,old-fashioned,0.2,blended scotch whiskey|honey|Angostura bitters,Scotch|Old|Fashioned|built|old-fashioned|blended|scotch|whiskey|honey|Angostura|bitters,14.083522469685734,-68.68591594896816,Scotch|Old|Fashioned|built|old-fashioned
Pink Gin,0.307692307692308,0.0,0.0,2.6,stirred,coupe,0.3,gin|Angostura bitters,Pink|Gin|stirred|coupe|gin|Angostura|bitters,-15.870903219939049,4.0564011315717,Pink|Gin|stirred|coupe
Rusty Nail,0.307692307692308,0.0461538461538461,0.0,3.25,stirred,old-fashioned,0.3,blended scotch whiskey|Drambuie|lemon peel,Rusty|Nail|stirred|old-fashioned|blended|scotch|whiskey|Drambuie|lemon|peel,-275.74150125237094,135.74286617258633,Rusty|Nail|stirred|old-fashioned
Widow's Kiss,0.307692307692308,0.0428461538461538,0.0,3.25,stirred,coupe,0.3,apple brandy|Benedictine|Yellow Chartreuse|Angostura bitters,Widow's|Kiss|stirred|coupe|apple|brandy|Benedictine|Yellow|Chartreuse|Angostura|bitters,-0.26767463754687665,-2.953537966136061,Widow's|Kiss|stirred|coupe
Alaska Cocktail,0.307692307692308,0.08,0.0,2.925,stirred,coupe,0.3,gin|Yellow Chartreuse|orange bitters|lemon twist,Alaska|Cocktail|stirred|coupe|gin|Yellow|Chartreuse|orange|bitters|lemon|twist,19.29589730919844,2.7534493217546134,Alaska|Cocktail|stirred|coupe
Old Fashioned,0.326923026627227,0.0394231497041308,0.0,2.6000004,built,old-fashioned,0.2,rye whiskey|simple syrup|Angostura bitters|orange peel,Old|Fashioned|built|old-fashioned|rye|whiskey|simple|syrup|Angostura|bitters|orange|peel,-51.52708092707514,-39.80156067859938,Old|Fashioned|built|old-fashioned
