year,lat,long,name,energy
1,0,-8,debris,57.0
1,4,4,grass,83.0
1,-3,-3,debris,26.0
1,8,-4,debris,60.0
1,-2,-10,debris,23.0
1,-4,-1,debris,43.0
1,6,7,debris,30.0
1,5,2,grass,64.0
1,-1,-5,debris,56.0
1,-1,2,grass,80.0
1,-3,0,debris,43.0
1,0,0,debris,61.0
1,5,3,grass,88.0
1,4,-1,grass,93.0
1,4,-8,grass,107.0
1,-2,5,debris,65.0
1,-1,6,debris,37.0
1,0,-1,debris,62.0
1,1,0,grass,87.0
1,3,-4,grass,95.0
1,5,-1,debris,32.0
1,4,-2,debris,25.0
1,4,0,grass,73.0
1,-7,-2,grass,86.0
1,2,2,grass,65.0
1,0,3,debris,32.0
1,3,-1,grass,83.0
1,3,1,debris,14.0
1,-4,-6,debris,44.0
1,-2,-7,debris,75.0
1,8,1,rabbit,101.5
1,-4,2,grass,99.0
1,1,-3,grass,119.0
1,-11,0,debris,21.0
1,-3,-7,grass,50.0
1,11,-2,wolf,195.0
1,4,6,grass,45.0
1,3,8,debris,47.0
1,-2,1,debris,40.0
1,4,3,grass,72.0
1,0,1,debris,51.0
1,1,6,grass,84.0
1,-1,-4,grass,86.0
1,2,3,debris,57.0
1,-3,7,grass,110.0
1,-6,1,grass,81.0
1,-2,-1,debris,21.0
1,-2,-5,grass,58.0
1,4,1,grass,70.0
1,-2,0,debris,30.0
1,-3,3,debris,-4.0
1,6,3,grass,128.7
1,1,8,grass,72.0
1,6,-6,debris,48.0
1,6,1,debris,35.0
1,0,6,rabbit,1.0
1,5,-8,grass,77.0
1,-4,-8,debris,43.0
1,-1,1,grass,72.0
1,-8,-12,debris,30.0
1,5,13,debris,66.0
1,0,5,debris,28.0
1,0,2,debris,37.0
1,4,5,grass,79.0
1,6,5,debris,18.0
1,3,-2,grass,79.0
1,-1,4,debris,44.0
1,-3,12,grass,86.0
1,8,4,grass,67.0
1,3,-3,debris,52.0
1,5,6,debris,-8.0
1,-6,-8,debris,72.0
1,3,9,debris,61.0
1,-2,-2,grass,100.0
1,-2,4,debris,43.0
1,-6,5,debris,32.0
1,-4,0,debris,21.0
1,-1,-3,grass,71.0
1,-1,8,grass,96.0
1,3,0,debris,48.0
1,-6,-1,debris,49.0
1,4,-5,grass,107.0
1,0,-15,grass,114.0
1,-5,1,debris,59.0
1,-1,9,debris,53.0
1,2,4,debris,51.0
1,1,-7,debris,34.0
1,-2,-4,grass,96.0
1,-3,-4,grass,75.0
1,-2,3,debris,29.0
1,-1,13,debris,80.0
1,-6,6,debris,-10.0
1,-1,-1,debris,8.0
1,-8,6,grass,124.0
1,6,0,debris,24.0
1,-7,-4,debris,59.0
2,0,-8,debris,67.0
2,4,4,grass,93.0
2,-3,-3,debris,36.0
2,8,-4,debris,70.0
2,-2,-10,debris,33.0
2,-4,-1,debris,53.0
2,6,7,debris,40.0
2,5,2,grass,74.0
2,-1,-5,debris,66.0
2,-1,2,grass,90.0
2,-3,0,debris,53.0
2,0,0,debris,71.0
2,5,3,grass,98.0
2,4,-1,grass,103.0
2,4,-8,grass,117.0
2,-2,5,debris,75.0
2,-1,6,debris,47.0
2,0,-1,debris,72.0
2,1,0,grass,97.0
2,3,-4,grass,105.0
2,5,-1,debris,42.0
2,4,-2,debris,35.0
2,4,0,grass,83.0
2,-7,-2,grass,96.0
2,2,2,grass,75.0
2,0,3,debris,42.0
2,3,-1,grass,93.0
2,3,1,debris,24.0
2,-4,-6,debris,54.0
2,-2,-7,debris,85.0
2,8,1,rabbit,50.8
2,-4,2,grass,109.0
2,1,-3,grass,129.0
2,-11,0,debris,31.0
2,-3,-7,grass,60.0
2,4,6,grass,55.0
2,3,8,debris,57.0
2,-2,1,debris,50.0
2,4,3,grass,82.0
2,0,1,debris,61.0
2,1,6,rabbit,48.0
2,-1,-4,grass,96.0
2,2,3,debris,67.0
2,-3,7,grass,120.0
2,-6,1,grass,91.0
2,-2,-1,debris,31.0
2,-2,-5,grass,68.0
2,4,1,grass,80.0
2,-2,0,debris,40.0
2,-3,3,debris,6.0
2,6,3,grass,138.7
2,1,8,grass,82.0
2,6,-6,debris,58.0
2,6,1,debris,45.0
2,5,-8,grass,87.0
2,-4,-8,debris,53.0
2,-1,1,grass,82.0
2,-8,-12,debris,40.0
2,5,13,debris,76.0
2,0,5,debris,38.0
2,8,2,rabbit,58.4
2,0,2,debris,47.0
2,4,5,grass,89.0
2,10,-2,wolf,179.0
2,6,5,debris,28.0
2,3,-2,grass,89.0
2,-1,4,debris,54.0
2,-3,12,grass,96.0
2,8,4,grass,77.0
2,3,-3,debris,62.0
2,5,6,debris,2.0
2,-6,-8,debris,82.0
2,3,9,debris,71.0
2,-2,-2,grass,110.0
2,-2,4,debris,53.0
2,-6,5,debris,42.0
2,-4,0,debris,31.0
2,-1,-3,grass,81.0
2,-1,8,grass,106.0
2,3,0,debris,58.0
2,-6,-1,debris,59.0
2,4,-5,grass,117.0
2,0,-15,grass,124.0
2,-5,1,debris,69.0
2,-1,9,debris,63.0
2,2,4,debris,61.0
2,1,-7,debris,44.0
2,-2,-4,grass,106.0
2,-3,-4,grass,85.0
2,-2,3,debris,39.0
2,-1,13,debris,90.0
2,-6,6,debris,0.0
2,-1,-1,debris,18.0
2,-8,6,grass,134.0
2,6,0,debris,34.0
2,-7,-4,debris,69.0
3,0,-8,debris,77.0
3,4,4,grass,103.0
3,-3,-3,debris,46.0
3,8,-4,debris,80.0
3,-2,-10,debris,43.0
3,-4,-1,debris,63.0
3,6,7,debris,50.0
3,5,2,grass,84.0
3,1,5,rabbit,7.2
3,-1,-5,debris,76.0
3,-1,2,grass,100.0
3,-3,0,debris,63.0
3,0,0,debris,81.0
3,5,3,grass,108.0
3,4,-1,grass,113.0
3,4,-8,grass,127.0
3,-2,5,debris,85.0
3,-1,6,debris,57.0
3,0,-1,debris,82.0
3,1,0,grass,107.0
3,-5,-9,grass,110.0
3,3,-4,grass,115.0
3,5,-1,debris,52.0
3,4,-2,debris,45.0
3,4,0,grass,93.0
3,-7,-2,grass,106.0
3,2,2,grass,85.0
3,0,3,debris,52.0
3,3,-1,grass,103.0
3,3,1,debris,34.0
3,-4,-6,debris,64.0
3,-2,-7,debris,95.0
3,7,0,rabbit,41.8
3,-4,2,grass,119.0
3,1,-3,grass,139.0
3,-11,0,debris,41.0
3,-3,-7,grass,70.0
3,4,6,grass,65.0
3,3,8,debris,67.0
3,-2,1,debris,60.0
3,4,3,grass,92.0
3,0,1,debris,71.0
3,1,6,rabbit,24.0
3,-1,-4,grass,106.0
3,2,3,debris,77.0
3,-3,7,grass,130.0
3,-6,1,grass,101.0
3,-2,-1,debris,41.0
3,-2,-5,grass,78.0
3,4,1,grass,90.0
3,9,3,rabbit,50.4
3,-2,0,debris,50.0
3,-3,3,debris,16.0
3,6,3,grass,148.7
3,1,8,grass,92.0
3,6,-6,debris,68.0
3,6,1,debris,55.0
3,5,-8,grass,97.0
3,-4,-8,debris,63.0
3,9,-2,wolf,163.0
3,-1,1,grass,92.0
3,-8,-12,debris,50.0
3,5,13,debris,86.0
3,0,5,debris,48.0
3,0,2,debris,57.0
3,4,5,grass,99.0
3,6,5,debris,38.0
3,3,-2,grass,99.0
3,-1,4,debris,64.0
3,-3,12,grass,106.0
3,-9,5,grass,110.1
3,8,4,grass,87.0
3,3,-3,debris,72.0
3,5,6,debris,12.0
3,-6,-8,debris,41.0
3,0,12,grass,66.0
3,3,9,debris,81.0
3,-2,-2,grass,120.0
3,-2,4,debris,63.0
3,-6,5,debris,52.0
3,-4,0,debris,41.0
3,-1,-3,grass,91.0
3,-1,8,grass,116.0
3,3,0,debris,68.0
3,-6,-1,debris,69.0
3,4,-5,grass,127.0
3,0,-15,grass,134.0
3,-5,1,debris,79.0
3,-1,9,debris,73.0
3,2,4,debris,71.0
3,1,-7,debris,54.0
3,-2,-4,grass,116.0
3,-3,-4,grass,95.0
3,-2,3,debris,49.0
3,-1,13,debris,45.0
3,-6,6,debris,10.0
3,-1,-1,debris,28.0
3,-8,6,grass,67.0
3,6,0,debris,44.0
3,-7,-4,debris,79.0
4,0,-8,debris,87.0
4,4,4,grass,113.0
4,-3,-3,debris,56.0
4,8,-4,debris,40.0
4,-2,-10,debris,53.0
4,-4,-1,debris,73.0
4,6,7,debris,60.0
4,5,2,grass,94.0
4,-1,-5,debris,86.0
4,-1,2,grass,110.0
4,-3,0,debris,73.0
4,0,0,debris,91.0
4,5,3,grass,118.0
4,4,-1,grass,123.0
4,4,-8,grass,63.5
4,7,1,rabbit,32.8
4,-2,5,debris,95.0
4,-1,6,debris,67.0
4,0,-1,debris,92.0
4,1,0,grass,117.0
4,-5,-9,grass,120.0
4,3,-4,grass,125.0
4,5,-1,debris,62.0
4,4,-2,debris,55.0
4,8,5,rabbit,59.6
4,4,0,grass,103.0
4,-7,-2,grass,116.0
4,2,2,grass,95.0
4,0,3,debris,62.0
4,3,-1,grass,113.0
4,8,-3,grass,68.0
4,3,1,debris,44.0
4,-4,-6,debris,74.0
4,-2,-7,debris,105.0
4,-4,2,grass,129.0
4,1,-3,grass,69.5
4,-11,0,debris,51.0
4,-3,-7,grass,80.0
4,4,6,grass,75.0
4,3,8,debris,77.0
4,-2,1,debris,70.0
4,4,3,grass,102.0
4,0,1,debris,81.0
4,-1,-4,grass,116.0
4,2,3,debris,87.0
4,-3,7,grass,140.0
4,5,-7,grass,97.3
4,-6,1,grass,111.0
4,-2,-1,debris,51.0
4,-2,-5,grass,88.0
4,4,1,grass,100.0
4,6,4,grass,128.8
4,-2,0,debris,60.0
4,-3,3,debris,26.0
4,6,3,grass,74.4
4,1,8,grass,102.0
4,6,-6,debris,78.0
4,6,1,debris,65.0
4,5,-8,grass,107.0
4,-4,-8,debris,73.0
4,-1,1,grass,102.0
4,-8,-12,debris,60.0
4,1,-4,grass,107.3
4,5,13,debris,96.0
4,0,5,debris,58.0
4,0,2,debris,67.0
4,4,5,grass,109.0
4,10,-2,wolf,147.0
4,6,5,debris,48.0
4,3,-2,grass,109.0
4,-1,4,debris,74.0
4,-3,12,grass,116.0
4,-9,5,grass,120.1
4,8,4,rabbit,47.0
4,3,-3,debris,82.0
4,5,6,debris,22.0
4,-6,-8,debris,51.0
4,2,7,rabbit,16.0
4,0,12,grass,76.0
4,3,9,debris,91.0
4,-2,-2,grass,130.0
4,-2,4,debris,73.0
4,-6,5,debris,62.0
4,-4,0,debris,51.0
4,-1,-3,grass,101.0
4,-1,8,grass,126.0
4,3,0,debris,78.0
4,-6,-1,debris,79.0
4,4,-5,grass,137.0
4,0,-15,grass,144.0
4,-5,1,debris,89.0
4,-1,9,debris,83.0
4,2,4,debris,81.0
4,1,-7,debris,64.0
4,-2,-4,grass,126.0
4,-3,-4,grass,105.0
4,-2,3,debris,59.0
4,-1,13,debris,55.0
4,-6,6,debris,20.0
4,-1,-1,debris,38.0
4,-8,6,grass,77.0
4,6,0,debris,54.0
4,-7,-4,debris,89.0
5,0,-8,debris,97.0
5,4,4,grass,123.0
5,-3,-3,debris,66.0
5,11,-1,wolf,131.0
5,-5,2,grass,92.7
5,8,-4,debris,50.0
5,-2,-10,debris,63.0
5,-4,-1,debris,83.0
5,6,7,debris,70.0
5,5,2,grass,104.0
5,-1,-5,debris,43.0
5,-1,2,grass,120.0
5,-3,0,debris,83.0
5,0,0,debris,101.0
5,5,3,grass,128.0
5,4,-1,grass,61.5
5,4,-8,grass,73.5
5,0,-4,grass,77.0
5,-2,5,debris,105.0
5,-1,6,debris,77.0
5,0,-1,debris,46.0
5,1,0,grass,127.0
5,-5,-9,grass,130.0
5,3,-4,grass,135.0
5,5,-1,debris,72.0
5,4,-2,debris,65.0
5,-1,-7,grass,91.0
5,-2,6,grass,99.3
5,5,0,grass,81.2
5,4,0,grass,113.0
5,-7,-2,grass,126.0
5,8,3,rabbit,39.0
5,2,2,grass,105.0
5,0,3,debris,72.0
5,3,-1,grass,123.0
5,8,-3,grass,78.0
5,3,1,debris,54.0
5,-4,-6,debris,84.0
5,-2,-7,debris,52.5
5,8,1,rabbit,23.8
5,-4,2,grass,64.5
5,1,-3,grass,79.5
5,0,8,grass,87.1
5,-11,0,debris,61.0
5,-3,-7,grass,90.0
5,4,6,grass,85.0
5,3,8,debris,87.0
5,-2,1,debris,80.0
5,4,3,grass,112.0
5,0,1,debris,91.0
5,-1,-4,grass,126.0
5,2,3,debris,43.5
5,-3,7,grass,70.0
5,5,-7,grass,107.3
5,-6,1,grass,121.0
5,-2,-1,debris,61.0
5,-2,-5,grass,98.0
5,4,1,grass,110.0
5,6,4,grass,138.8
5,-2,0,debris,70.0
5,-3,3,debris,36.0
5,6,3,grass,84.4
5,1,8,rabbit,72.0
5,6,-6,debris,88.0
5,6,1,debris,75.0
5,5,-8,grass,53.5
5,-4,-8,debris,83.0
5,4,-9,grass,67.5
5,-1,1,grass,112.0
5,-8,-12,debris,70.0
5,1,-4,grass,117.3
5,5,13,debris,106.0
5,0,5,debris,68.0
5,0,-14,grass,102.2
5,0,2,debris,77.0
5,4,5,grass,119.0
5,6,5,debris,58.0
5,3,-2,grass,119.0
5,-1,4,debris,84.0
5,-3,12,grass,126.0
5,-9,5,grass,130.1
5,3,-3,debris,92.0
5,5,6,debris,32.0
5,-6,-8,debris,61.0
5,0,12,grass,86.0
5,9,4,rabbit,50.2
5,3,9,debris,101.0
5,-2,-2,grass,140.0
5,-2,4,debris,83.0
5,3,4,grass,59.0
5,-6,5,debris,72.0
5,1,-1,grass,47.0
5,-4,0,debris,61.0
5,-1,-3,grass,111.0
5,-1,8,grass,63.0
5,3,0,debris,88.0
5,-6,-1,debris,89.0
5,4,-5,grass,147.0
5,0,-15,grass,72.0
5,-5,1,debris,99.0
5,-1,9,debris,93.0
5,2,4,debris,91.0
5,1,-7,debris,74.0
5,-2,-4,grass,136.0
5,-3,-4,grass,115.0
5,-2,3,debris,69.0
5,-1,13,debris,65.0
5,-6,6,debris,30.0
5,-1,-1,debris,48.0
5,-8,6,grass,87.0
5,6,0,debris,64.0
5,-7,-4,debris,99.0
6,0,-8,debris,48.5
6,4,4,grass,133.0
6,-3,-3,debris,76.0
6,-5,2,grass,102.7
6,8,-4,debris,60.0
6,-2,-10,debris,73.0
6,-4,-1,debris,41.5
6,-1,-9,grass,76.0
6,6,7,debris,80.0
6,5,2,grass,114.0
6,6,14,grass,110.0
6,3,3,grass,74.0
6,-1,-5,debris,53.0
6,-1,2,grass,60.0
6,-3,0,debris,93.0
6,0,0,debris,50.5
6,5,3,grass,64.0
6,4,-1,grass,71.5
6,4,-8,grass,83.5
6,0,-4,grass,87.0
6,-2,5,debris,52.5
6,-1,6,debris,87.0
6,12,-2,wolf,115.0
6,0,-1,debris,56.0
6,1,0,grass,63.5
6,-5,-9,grass,140.0
6,3,-4,grass,145.0
6,5,-1,debris,82.0
6,4,-2,debris,75.0
6,-1,-7,grass,101.0
6,-2,6,grass,109.3
6,-7,-3,grass,115.0
6,6,2,grass,80.7
6,1,1,grass,76.5
6,7,3,rabbit,31.0
6,2,8,rabbit,8.3
6,5,0,grass,91.2
6,4,0,grass,123.0
6,-7,-2,grass,136.0
6,2,2,grass,115.0
6,0,3,debris,82.0
6,3,-1,grass,133.0
6,8,-3,grass,88.0
6,4,8,grass,39.0
6,-1,3,grass,68.8
6,3,-6,grass,97.7
6,-1,5,grass,85.0
6,3,1,debris,64.0
6,-4,-6,debris,42.0
6,-2,-7,debris,62.5
6,-4,2,grass,74.5
6,1,-3,grass,89.5
6,0,8,grass,97.1
6,-11,0,debris,71.0
6,-3,-7,grass,100.0
6,4,6,grass,95.0
6,3,8,debris,97.0
6,-2,1,debris,90.0
6,4,3,grass,56.0
6,0,1,debris,101.0
6,-1,-4,grass,136.0
6,2,3,debris,53.5
6,-3,7,grass,80.0
6,-2,-3,grass,91.6
6,5,-7,grass,117.3
6,-6,1,grass,131.0
6,-2,-1,debris,71.0
6,-2,-5,grass,108.0
6,4,1,grass,120.0
6,9,3,rabbit,40.8
6,6,4,grass,148.8
6,-2,0,debris,80.0
6,-3,3,debris,46.0
6,6,3,grass,94.4
6,1,8,rabbit,36.0
6,-2,10,grass,35.0
6,6,-6,debris,98.0
6,6,1,debris,85.0
6,5,-8,grass,63.5
6,-4,-8,debris,93.0
6,4,-9,grass,77.5
6,3,2,grass,61.8
6,-1,1,grass,122.0
6,-8,-12,debris,80.0
6,1,-4,grass,127.3
6,5,13,debris,53.0
6,0,5,debris,78.0
6,-1,0,grass,58.0
6,0,-14,grass,112.2
6,0,2,debris,87.0
6,4,5,grass,129.0
6,-4,-5,grass,87.0
6,6,5,debris,68.0
6,-3,-1,grass,80.0
6,3,-2,grass,129.0
6,-1,4,debris,94.0
6,-3,12,grass,136.0
6,-9,5,grass,140.1
6,3,-3,debris,102.0
6,5,6,debris,42.0
6,-6,-8,debris,71.0
6,0,12,grass,96.0
6,3,9,debris,50.5
6,-2,-2,grass,70.0
6,-2,4,debris,93.0
6,3,4,grass,69.0
6,9,0,rabbit,14.8
6,-6,5,debris,82.0
6,1,-1,grass,57.0
6,-4,0,debris,71.0
6,-1,-3,grass,121.0
6,-1,8,grass,73.0
6,2,1,grass,81.0
6,3,0,debris,44.0
6,-6,-1,debris,99.0
6,4,-5,grass,73.5
6,0,-15,grass,82.0
6,-5,1,debris,109.0
6,-1,9,debris,46.5
6,2,4,debris,45.5
6,1,-7,debris,84.0
6,-2,-4,grass,146.0
6,-3,-4,grass,125.0
6,-2,3,debris,79.0
6,-1,13,debris,75.0
6,-6,6,debris,40.0
6,-1,-1,debris,58.0
6,-8,6,grass,97.0
6,6,0,debris,74.0
6,-7,-4,debris,49.5
7,0,-8,debris,58.5
7,4,4,grass,143.0
7,-3,-3,debris,86.0
7,-5,2,grass,112.7
7,8,-4,debris,70.0
7,-2,-10,debris,83.0
7,-4,-1,debris,51.5
7,-1,-9,grass,86.0
7,6,7,debris,90.0
7,5,2,grass,124.0
7,6,14,grass,120.0
7,3,3,grass,84.0
7,-3,1,grass,55.0
7,-1,-5,debris,63.0
7,-1,2,grass,70.0
7,-3,0,debris,46.5
7,-5,-8,grass,110.1
7,0,0,debris,60.5
7,5,3,grass,74.0
7,4,-1,grass,81.5
7,4,-8,grass,93.5
7,0,-4,grass,97.0
7,-2,5,debris,62.5
7,-1,6,debris,97.0
7,0,-1,debris,66.0
7,1,0,grass,73.5
7,8,-1,rabbit,5.8
7,-5,-9,grass,70.0
7,3,-4,grass,155.0
7,5,-1,debris,41.0
7,4,-2,debris,85.0
7,-1,-7,grass,111.0
7,-2,6,grass,119.3
7,-7,-3,grass,125.0
7,6,2,rabbit,76.4
7,1,1,grass,86.5
7,-4,12,grass,73.9
7,5,0,grass,101.2
7,4,0,grass,133.0
7,-7,-2,grass,68.0
7,9,2,rabbit,31.5
7,2,2,grass,125.0
7,0,3,debris,92.0
7,3,-1,grass,66.5
7,8,-3,grass,98.0
7,4,8,grass,49.0
7,-1,3,grass,78.8
7,3,-6,grass,107.7
7,-1,5,grass,95.0
7,3,1,debris,74.0
7,-4,-6,debris,52.0
7,-2,-7,debris,72.5
7,7,0,grass,79.0
7,-4,2,grass,84.5
7,1,-3,grass,99.5
7,0,8,rabbit,89.6
7,-11,0,debris,81.0
7,-3,5,grass,67.0
7,-3,-7,grass,110.0
7,4,6,grass,105.0
7,3,8,debris,48.5
7,-2,1,debris,45.0
7,4,3,grass,66.0
7,0,1,debris,111.0
7,-1,-4,grass,146.0
7,2,3,debris,63.5
7,-3,7,grass,90.0
7,-2,-3,grass,101.6
7,5,-7,grass,127.3
7,-6,1,grass,141.0
7,-2,-1,debris,81.0
7,-2,-5,grass,118.0
7,4,1,grass,130.0
7,6,4,grass,74.4
7,-2,0,debris,90.0
7,-3,3,debris,56.0
7,6,3,grass,104.4
7,-2,10,grass,45.0
7,6,-6,debris,49.0
7,6,1,debris,42.5
7,5,-8,grass,73.5
7,-4,-8,debris,103.0
7,4,-9,grass,87.5
7,3,2,grass,71.8
7,-1,1,grass,132.0
7,-8,-12,debris,90.0
7,1,-4,grass,137.3
7,5,13,debris,63.0
7,0,5,debris,88.0
7,-1,0,grass,68.0
7,5,-2,grass,111.0
7,0,-14,grass,122.2
7,0,2,debris,97.0
7,4,5,grass,139.0
7,-6,2,grass,101.0
7,-4,-5,grass,97.0
7,-8,-1,grass,79.7
7,6,5,debris,78.0
7,-3,-1,grass,90.0
7,3,-2,grass,139.0
7,-1,4,debris,47.0
7,-3,12,grass,68.0
7,-3,2,grass,60.0
7,-9,5,grass,70.1
7,12,-1,wolf,99.0
7,3,-3,debris,51.0
7,5,6,debris,52.0
7,-6,-8,debris,81.0
7,0,12,grass,106.0
7,3,9,debris,60.5
7,-2,-2,grass,80.0
7,-2,4,debris,46.5
7,7,-6,grass,94.0
7,0,4,grass,46.0
7,3,4,grass,79.0
7,-3,-5,grass,84.2
7,-6,5,debris,92.0
7,1,-1,grass,67.0
7,-4,0,debris,81.0
7,7,4,grass,128.0
7,-8,5,grass,110.4
7,-1,-3,grass,60.5
7,-1,8,grass,83.0
7,2,1,grass,91.0
7,3,0,debris,54.0
7,-6,-1,debris,109.0
7,4,-5,grass,83.5
7,0,-15,grass,92.0
7,-5,1,debris,54.5
7,-1,9,debris,56.5
7,4,-3,grass,61.0
7,3,7,grass,99.0
7,2,4,debris,55.5
7,1,-7,debris,94.0
7,0,-2,grass,59.2
7,-2,-4,grass,73.0
7,-3,-4,grass,135.0
7,-2,3,debris,89.0
7,-1,13,debris,85.0
7,-6,6,debris,50.0
7,2,-2,grass,77.1
7,-1,-1,debris,68.0
7,-8,6,grass,107.0
7,6,0,debris,84.0
7,-7,-4,debris,59.5
8,0,-8,debris,68.5
8,4,4,grass,71.5
8,-3,-3,debris,96.0
8,-2,10,grass,55.0
8,6,14,grass,130.0
8,4,-3,grass,71.0
8,-1,0,grass,78.0
8,0,0,debris,70.5
8,5,3,grass,84.0
8,0,-7,grass,88.0
8,1,2,grass,55.2
8,-1,6,debris,48.5
8,0,-1,debris,76.0
8,1,0,grass,83.5
8,-5,-9,grass,80.0
8,-3,1,grass,65.0
8,5,-1,debris,51.0
8,4,-2,debris,42.5
8,-1,-7,grass,121.0
8,6,2,rabbit,38.2
8,-1,4,debris,57.0
8,-4,12,grass,83.9
8,5,0,grass,111.2
8,-5,2,grass,122.7
8,-3,12,grass,78.0
8,-4,-5,grass,107.0
8,4,8,grass,59.0
8,-6,5,debris,102.0
8,-11,0,debris,91.0
8,3,1,debris,84.0
8,0,-15,grass,102.0
8,-2,-7,debris,82.5
8,-3,-4,grass,145.0
8,5,4,grass,76.3
8,-4,2,grass,94.5
8,3,-6,grass,117.7
8,11,-2,wolf,83.0
8,3,8,debris,58.5
8,-2,1,debris,55.0
8,0,7,grass,84.0
8,-1,-4,grass,73.0
8,2,3,debris,73.5
8,5,-7,grass,63.6
8,-6,1,grass,70.5
8,2,1,grass,101.0
8,-2,-5,grass,128.0
8,6,4,grass,84.4
8,-2,0,debris,100.0
8,-1,-5,debris,73.0
8,6,3,grass,114.4
8,6,1,debris,52.5
8,-4,-8,debris,51.5
8,1,-4,grass,68.7
8,5,13,debris,73.0
8,0,5,debris,44.0
8,-5,-7,grass,89.0
8,8,2,rabbit,22.1
8,0,-14,grass,132.2
8,0,2,debris,107.0
8,4,5,grass,69.5
8,-1,13,debris,95.0
8,-3,0,debris,56.5
8,1,1,grass,96.5
8,-5,-8,grass,120.1
8,3,-3,debris,61.0
8,0,-2,grass,69.2
8,0,12,grass,116.0
8,7,-6,grass,104.0
8,0,4,grass,56.0
8,3,3,grass,94.0
8,-6,-1,debris,54.5
8,5,1,grass,57.5
8,7,4,grass,138.0
8,-1,-3,grass,70.5
8,-1,8,grass,93.0
8,5,-3,grass,67.0
8,3,0,debris,64.0
8,-2,-3,grass,111.6
8,3,-1,grass,76.5
8,-1,9,debris,66.5
8,-3,5,grass,77.0
8,2,4,debris,65.5
8,6,-7,grass,96.9
8,3,-2,grass,149.0
8,-2,3,debris,99.0
8,-6,6,debris,60.0
8,-6,-8,debris,40.5
8,-8,6,grass,117.0
8,-5,1,debris,64.5
8,-7,-4,debris,69.5
8,8,-4,debris,80.0
8,-2,-10,debris,93.0
8,-4,-1,debris,61.5
8,-1,-9,grass,96.0
8,6,7,debris,100.0
8,-5,-1,grass,91.0
8,5,2,grass,134.0
8,3,-4,grass,77.5
8,-1,2,grass,80.0
8,-2,6,grass,129.3
8,4,-1,grass,91.5
8,4,-8,grass,103.5
8,-2,5,debris,72.5
8,1,3,grass,104.0
8,7,-1,rabbit,36.2
8,0,-5,grass,104.7
8,-7,-3,grass,135.0
8,4,0,grass,66.5
8,2,2,grass,62.5
8,-8,-1,grass,89.7
8,8,-3,grass,108.0
8,-1,3,grass,88.8
8,-1,5,grass,105.0
8,-4,-6,debris,62.0
8,1,-7,debris,47.0
8,-6,-9,grass,74.0
8,1,-3,grass,109.5
8,6,5,debris,88.0
8,-3,-7,grass,120.0
8,4,6,grass,115.0
8,0,8,rabbit,44.8
8,1,6,grass,79.0
8,-3,7,grass,100.0
8,-2,-1,debris,91.0
8,4,1,grass,140.0
8,-3,3,debris,66.0
8,-7,-2,grass,78.0
8,6,-6,debris,59.0
8,5,-8,grass,83.5
8,4,3,grass,76.0
8,3,2,grass,81.8
8,-1,1,grass,142.0
8,-8,-12,debris,100.0
8,-6,2,grass,111.0
8,2,-2,grass,87.1
8,-3,-1,grass,100.0
8,0,3,debris,46.0
8,-3,2,grass,70.0
8,-9,5,grass,80.1
8,-6,0,grass,71.2
8,0,1,debris,121.0
8,5,6,debris,62.0
8,0,-4,grass,107.0
8,4,-9,grass,97.5
8,0,-3,grass,77.1
8,3,9,debris,70.5
8,-2,-2,grass,90.0
8,-2,4,debris,56.5
8,3,4,grass,89.0
8,-3,-5,grass,94.2
8,-1,-1,debris,78.0
8,-4,0,debris,91.0
8,-8,5,grass,120.4
8,5,-2,grass,121.0
8,1,7,rabbit,11.2
8,4,-5,grass,93.5
8,6,0,debris,94.0
8,3,6,grass,67.3
8,3,7,grass,109.0
8,3,-5,grass,84.0
8,-2,-4,grass,83.0
8,7,3,rabbit,61.1
8,1,-1,grass,77.0
9,0,-8,debris,78.5
9,4,4,grass,81.5
9,-3,-3,debris,106.0
9,-2,10,grass,65.0
9,-2,2,grass,63.6
9,6,14,grass,140.0
9,4,-3,grass,81.0
9,-1,0,grass,88.0
9,0,0,debris,80.5
9,5,3,grass,94.0
9,0,-7,grass,98.0
9,1,2,grass,65.2
9,-1,6,debris,58.5
9,0,-1,debris,86.0
9,1,0,grass,93.5
9,-5,-9,grass,90.0
9,-3,1,grass,75.0
9,5,-1,debris,61.0
9,4,-2,debris,52.5
9,-1,-7,grass,131.0
9,-1,4,debris,67.0
9,-4,12,grass,93.9
9,5,0,grass,121.2
9,-5,2,grass,132.7
9,-3,12,grass,88.0
9,-4,-5,grass,117.0
9,4,8,grass,69.0
9,-6,5,debris,51.0
9,-11,0,debris,45.5
9,3,1,debris,94.0
9,0,-15,grass,112.0
9,-2,-7,debris,92.5
9,-3,-4,grass,72.5
9,5,4,grass,86.3
9,-4,2,grass,104.5
9,3,-6,grass,127.7
9,3,8,debris,68.5
9,-2,1,debris,65.0
9,0,7,rabbit,58.2
9,7,-4,grass,77.0
9,-1,-4,grass,83.0
9,2,3,debris,83.5
9,-5,0,grass,61.0
9,4,2,rabbit,56.9
9,5,-7,grass,73.6
9,-6,1,grass,80.5
9,2,1,grass,111.0
9,-2,-5,grass,64.0
9,-1,12,grass,58.0
9,6,4,rabbit,108.3
9,-2,0,debris,110.0
9,-1,-5,debris,83.0
9,6,3,grass,124.4
9,6,1,debris,62.5
9,-3,-2,grass,95.0
9,-4,-8,debris,61.5
9,1,-4,grass,78.7
9,5,13,debris,83.0
9,0,5,debris,54.0
9,-5,-7,grass,99.0
9,0,-14,grass,142.2
9,0,2,debris,117.0
9,4,5,grass,79.5
9,-1,13,debris,47.5
9,-3,0,debris,66.5
9,1,1,grass,106.5
9,-5,-8,grass,130.1
9,12,-1,wolf,67.0
9,3,-3,debris,71.0
9,0,-2,grass,79.2
9,0,12,grass,126.0
9,7,-6,grass,114.0
9,0,4,grass,66.0
9,3,3,grass,104.0
9,-6,-1,debris,64.5
9,5,1,grass,67.5
9,7,4,grass,148.0
9,-1,-3,grass,80.5
9,-1,8,grass,103.0
9,5,-3,grass,77.0
9,3,0,debris,74.0
9,-2,-3,grass,121.6
9,3,-1,grass,86.5
9,-1,9,debris,76.5
9,-3,5,grass,87.0
9,6,6,grass,98.0
9,-1,-2,grass,62.0
9,2,4,debris,75.5
9,-6,4,grass,60.0
9,6,-7,grass,106.9
9,3,-2,grass,74.5
9,-2,3,debris,109.0
9,-6,6,debris,70.0
9,-6,-8,debris,50.5
9,-8,6,grass,127.0
9,-5,1,debris,74.5
9,-7,-4,debris,79.5
9,8,-4,debris,40.0
9,-2,-6,grass,47.6
9,0,9,rabbit,9.7
9,-2,-10,debris,103.0
9,-4,-1,debris,71.5
9,-1,-9,grass,106.0
9,6,7,debris,50.0
9,-5,-1,grass,101.0
9,5,2,rabbit,52.6
9,3,-4,grass,87.5
9,-12,0,grass,102.0
9,-1,2,grass,90.0
9,-2,6,grass,64.6
9,4,-1,grass,101.5
9,4,-8,grass,113.5
9,-2,5,debris,82.5
9,1,3,grass,114.0
9,2,-3,grass,68.5
9,0,-5,grass,114.7
9,-7,-3,grass,67.5
9,4,0,grass,76.5
9,8,3,rabbit,12.8
9,2,2,grass,72.5
9,-8,-1,grass,99.7
9,8,-3,grass,118.0
9,-1,3,grass,98.8
9,-1,5,grass,115.0
9,-4,-6,debris,72.0
9,1,-7,debris,57.0
9,-6,-9,grass,84.0
9,1,-3,grass,119.5
9,6,5,debris,98.0
9,-3,-7,grass,130.0
9,4,6,grass,125.0
9,0,8,rabbit,22.4
9,-8,-2,grass,114.8
9,1,6,grass,89.0
9,-3,7,grass,110.0
9,-2,-1,debris,45.5
9,4,1,grass,150.0
9,-3,3,debris,76.0
9,-7,-2,grass,88.0
9,6,-6,debris,69.0
9,5,-8,grass,93.5
9,4,3,grass,86.0
9,3,2,grass,91.8
9,-1,1,grass,71.0
9,-8,-12,debris,110.0
9,-6,2,grass,121.0
9,2,-2,grass,97.1
9,-3,-1,grass,110.0
9,-4,-3,grass,64.0
9,0,3,debris,56.0
9,-3,2,grass,80.0
9,-9,5,grass,90.1
9,-6,0,grass,81.2
9,0,1,debris,131.0
9,5,6,debris,72.0
9,0,-4,grass,117.0
9,4,-9,grass,107.5
9,0,-3,grass,87.1
9,3,9,debris,80.5
9,-2,-2,grass,100.0
9,-2,7,grass,99.0
9,-2,4,debris,66.5
9,3,4,grass,99.0
9,-3,-5,grass,104.2
9,-1,-1,debris,39.0
9,-4,0,debris,45.5
9,-8,5,grass,130.4
9,5,-2,grass,131.0
9,4,-5,grass,103.5
9,6,0,debris,104.0
9,3,6,grass,77.3
9,3,7,grass,119.0
9,3,-5,grass,94.0
9,-2,-4,grass,93.0
9,8,-2,rabbit,27.2
9,1,-1,grass,87.0
10,0,-8,debris,88.5
10,4,4,grass,91.5
10,-3,-3,debris,53.0
10,-2,10,grass,75.0
10,-2,2,grass,73.6
10,6,14,grass,70.0
10,-4,-4,grass,85.0
10,5,5,rabbit,61.1
10,4,-3,grass,91.0
10,-1,0,grass,98.0
10,0,0,debris,90.5
10,5,3,grass,104.0
10,0,-7,grass,108.0
10,1,2,grass,75.2
10,-1,6,debris,68.5
10,0,-1,debris,43.0
10,1,0,grass,103.5
10,-5,-9,grass,100.0
10,-3,1,grass,85.0
10,5,-1,debris,71.0
10,-1,-6,grass,90.0
10,4,-2,debris,62.5
10,-1,-7,grass,141.0
10,-1,4,debris,77.0
10,-4,12,grass,103.9
10,5,0,grass,131.2
10,-5,2,grass,66.3
10,-3,12,grass,98.0
10,-4,-5,grass,127.0
10,4,8,grass,79.0
10,-6,5,debris,61.0
10,-11,0,debris,55.5
10,3,1,debris,104.0
10,0,-15,grass,122.0
10,-2,-7,debris,102.5
10,-3,-4,grass,82.5
10,5,4,grass,96.3
10,-4,2,grass,114.5
10,3,-6,grass,137.7
10,7,6,grass,80.0
10,3,8,debris,78.5
10,-2,1,debris,75.0
10,0,7,rabbit,29.1
10,7,-4,grass,87.0
10,-1,-4,grass,93.0
10,2,3,debris,41.8
10,12,0,wolf,51.0
10,-5,0,grass,71.0
10,4,2,rabbit,58.7
10,5,-7,grass,83.6
10,-6,1,grass,90.5
10,2,1,grass,121.0
10,-2,-5,grass,74.0
10,-1,12,grass,68.0
10,6,4,rabbit,54.1
10,-2,0,debris,120.0
10,-1,-5,debris,41.5
10,6,3,grass,134.4
10,1,8,rabbit,14.4
10,6,1,debris,72.5
10,-3,-2,grass,105.0
10,-4,-8,debris,71.5
10,-3,4,grass,65.0
10,1,-4,grass,88.7
10,5,13,debris,93.0
10,0,5,debris,64.0
10,-5,-7,grass,109.0
10,0,-14,grass,71.1
10,0,2,debris,127.0
10,4,5,grass,89.5
10,-1,13,debris,57.5
10,-3,0,debris,76.5
10,6,-3,grass,110.2
10,1,1,grass,116.5
10,3,5,grass,35.9
10,-5,-8,grass,140.1
10,3,-3,debris,81.0
10,0,-2,grass,89.2
10,0,12,grass,136.0
10,7,-6,grass,124.0
10,0,4,grass,76.0
10,3,3,rabbit,54.4
10,-6,-1,debris,74.5
10,5,1,grass,77.5
10,7,4,rabbit,49.8
10,-1,-3,grass,90.5
10,-1,8,rabbit,66.2
10,5,-3,grass,87.0
10,3,0,debris,84.0
10,-2,-3,grass,131.6
10,-6,3,grass,101.0
10,3,-1,grass,96.5
10,-1,9,debris,86.5
10,-3,5,grass,97.0
10,6,6,grass,108.0
10,-1,-2,grass,72.0
10,2,4,debris,85.5
10,-6,4,grass,70.0
10,-1,-14,grass,105.7
10,6,-7,grass,116.9
10,-4,-7,grass,36.8
10,3,-2,grass,84.5
10,-2,3,debris,54.5
10,-6,6,debris,80.0
10,-6,-8,debris,60.5
10,-8,6,grass,137.0
10,-5,1,debris,84.5
10,-7,-4,debris,89.5
10,8,-4,debris,50.0
10,-2,-6,grass,57.6
10,-2,-10,debris,51.5
10,-4,-1,debris,81.5
10,-1,-9,grass,116.0
10,6,7,debris,60.0
10,-5,-1,grass,111.0
10,5,2,grass,55.9
10,3,-4,grass,97.5
10,-12,0,grass,112.0
10,-1,2,grass,100.0
10,-2,6,grass,74.6
10,4,-1,grass,111.5
10,4,-8,grass,123.5
10,-2,5,debris,92.5
10,1,3,grass,124.0
10,-8,-13,grass,91.0
10,2,-3,grass,78.5
10,0,-5,grass,124.7
10,-7,-3,grass,77.5
10,4,0,grass,86.5
10,2,2,grass,82.5
10,-8,-1,grass,109.7
10,8,-3,rabbit,91.2
10,-1,3,grass,108.8
10,-1,5,grass,125.0
10,-4,-6,debris,82.0
10,1,-7,debris,67.0
10,3,-10,grass,71.3
10,-2,-9,grass,74.0
10,-6,-9,grass,94.0
10,1,-3,grass,129.5
10,6,5,debris,49.0
10,-3,-7,grass,65.0
10,4,6,grass,62.5
10,-8,-2,grass,124.8
10,1,6,grass,99.0
10,-3,7,grass,120.0
10,5,15,grass,111.0
10,-2,-1,debris,55.5
10,7,5,grass,128.2
10,4,1,grass,75.0
10,-3,3,debris,86.0
10,-7,-2,grass,98.0
10,6,-6,debris,79.0
10,5,-8,grass,103.5
10,3,2,grass,101.8
10,-1,1,grass,81.0
10,-8,-12,debris,55.0
10,-6,2,grass,60.5
10,2,-2,grass,107.1
10,-3,-1,grass,120.0
10,-4,-3,grass,74.0
10,-4,1,grass,89.9
10,0,3,debris,66.0
10,-3,2,grass,90.0
10,-9,5,grass,100.1
10,-6,0,grass,91.2
10,0,1,debris,141.0
10,5,6,debris,82.0
10,0,-4,grass,127.0
10,4,-9,grass,53.8
10,0,-3,grass,97.1
10,3,9,debris,90.5
10,-2,-2,grass,110.0
10,-2,7,grass,109.0
10,-2,4,debris,76.5
10,3,4,rabbit,72.5
10,-3,-5,grass,114.2
10,-1,-1,debris,49.0
10,-4,0,debris,55.5
10,-8,5,grass,140.4
10,5,-2,grass,65.5
10,1,7,rabbit,11.3
10,4,-5,grass,113.5
10,1,-2,grass,129.0
10,6,0,debris,114.0
10,3,6,grass,87.3
10,3,7,grass,129.0
10,3,-5,grass,104.0
10,1,4,grass,70.0
10,-2,-4,grass,103.0
10,1,-1,grass,97.0
10,2,5,rabbit,59.8
11,0,-8,debris,98.5
11,4,4,rabbit,111.9
11,-3,-3,debris,63.0
11,-2,10,grass,85.0
11,-2,2,grass,83.6
11,6,14,grass,80.0
11,-4,-4,grass,95.0
11,4,-3,grass,101.0
11,-1,0,grass,108.0
11,0,0,debris,100.5
11,5,3,rabbit,115.7
11,0,-7,grass,118.0
11,1,2,grass,85.2
11,-1,6,debris,78.5
11,0,-1,debris,53.0
11,1,0,grass,113.5
11,-5,-9,grass,110.0
11,-3,1,grass,95.0
11,5,-1,debris,81.0
11,-1,-6,grass,100.0
11,4,-2,debris,72.5
11,-1,-7,grass,151.0
11,-1,4,debris,87.0
11,-4,12,grass,113.9
11,2,8,rabbit,3.0
11,5,0,grass,65.6
11,-5,2,grass,76.3
11,-3,12,grass,108.0
11,-4,-5,grass,137.0
11,4,8,grass,89.0
11,-6,5,debris,71.0
11,-11,0,debris,65.5
11,3,1,debris,52.0
11,0,-15,grass,132.0
11,-2,-7,debris,51.2
11,-3,-4,grass,92.5
11,13,0,wolf,35.0
11,5,4,grass,106.3
11,-4,2,grass,124.5
11,3,-6,grass,68.8
11,7,6,grass,90.0
11,3,8,debris,88.5
11,-9,6,grass,115.1
11,-2,1,debris,85.0
11,7,-4,grass,97.0
11,-1,-4,grass,103.0
11,2,3,debris,51.8
11,-5,0,grass,81.0
11,-2,9,rabbit,7.1
11,5,-7,grass,93.6
11,-6,1,grass,100.5
11,2,1,grass,131.0
11,-2,-5,grass,84.0
11,-1,12,grass,78.0
11,-9,4,grass,109.2
11,-2,0,debris,130.0
11,-1,-5,debris,51.5
11,6,3,rabbit,122.0
11,6,1,debris,82.5
11,-3,-2,grass,115.0
11,-4,-8,debris,81.5
11,-4,-2,grass,59.0
11,-3,4,grass,75.0
11,1,-4,grass,98.7
11,5,13,debris,103.0
11,-5,-6,grass,84.0
11,0,5,debris,74.0
11,-5,-7,grass,119.0
11,0,-14,grass,81.1
11,0,2,debris,137.0
11,4,5,grass,99.5
11,-1,13,debris,67.5
11,-3,0,debris,86.5
11,6,-3,grass,120.2
11,1,1,grass,126.5
11,3,5,grass,45.9
11,-5,-8,grass,70.1
11,3,-3,debris,91.0
11,0,-2,grass,99.2
11,2,7,rabbit,6.4
11,0,12,grass,146.0
11,7,-6,grass,134.0
11,2,-1,grass,54.0
11,0,4,grass,86.0
11,-3,-8,grass,105.0
11,3,3,rabbit,57.4
11,-6,-1,debris,84.5
11,5,1,grass,87.5
11,-1,-3,grass,100.5
11,-1,8,rabbit,33.1
11,5,-3,grass,97.0
11,3,0,debris,42.0
11,7,1,grass,94.0
11,-2,-3,grass,141.6
11,-6,3,grass,111.0
11,3,-1,grass,106.5
11,-1,9,debris,43.2
11,-3,5,grass,107.0
11,6,6,grass,118.0
11,-1,-2,grass,82.0
11,2,4,debris,95.5
11,-6,4,grass,80.0
11,-1,-14,grass,115.7
11,6,-7,grass,126.9
11,-4,-7,grass,46.8
11,3,-2,grass,94.5
11,-2,3,debris,64.5
11,-6,6,debris,90.0
11,-6,-8,debris,70.5
11,-8,6,grass,68.5
11,-5,1,debris,94.5
11,-7,-4,debris,99.5
11,8,-4,debris,60.0
11,-2,-6,grass,67.6
11,-2,-10,debris,61.5
11,-4,-1,debris,40.8
11,-1,-9,grass,126.0
11,6,7,debris,70.0
11,-5,-1,grass,121.0
11,5,2,grass,65.9
11,-6,-7,grass,108.6
11,6,-1,grass,77.3
11,3,-4,grass,107.5
11,-12,0,grass,122.0
11,-1,2,grass,110.0
11,-2,6,grass,84.6
11,4,-1,grass,121.5
11,4,-8,grass,133.5
11,-2,5,debris,102.5
11,1,3,grass,134.0
11,-8,-13,grass,101.0
11,2,-3,grass,88.5
11,0,-5,grass,134.7
11,-7,-3,grass,87.5
11,4,0,grass,96.5
11,2,2,rabbit,47.8
11,-8,-1,grass,119.7
11,8,-3,rabbit,45.6
11,-1,3,grass,118.8
11,3,-7,grass,97.2
11,-1,5,grass,135.0
11,-4,-6,debris,41.0
11,1,-7,debris,77.0
11,3,-10,grass,81.3
11,-2,-9,grass,84.0
11,-6,-9,grass,104.0
11,1,-3,grass,139.5
11,6,5,debris,59.0
11,-3,-7,grass,75.0
11,4,6,grass,72.5
11,-8,-2,grass,134.8
11,1,6,rabbit,39.3
11,2,6,rabbit,10.6
11,-3,7,grass,130.0
11,5,15,grass,121.0
11,-2,-1,debris,65.5
11,7,5,rabbit,59.1
11,4,1,grass,85.0
11,2,0,grass,106.0
11,-3,3,debris,96.0
11,-7,-2,grass,108.0
11,6,-6,debris,89.0
11,5,-8,grass,113.5
11,8,6,rabbit,60.0
11,4,3,rabbit,63.2
11,3,2,grass,111.8
11,-1,1,grass,91.0
11,-8,-12,debris,65.0
11,-6,2,grass,70.5
11,2,-2,grass,117.1
11,-3,-1,grass,130.0
11,-4,-3,grass,84.0
11,7,-3,rabbit,55.2
11,-4,1,grass,99.9
11,0,3,debris,76.0
11,-3,2,grass,100.0
11,-9,5,grass,110.1
11,-6,0,grass,101.2
11,0,1,debris,151.0
11,5,6,debris,92.0
11,0,-4,grass,137.0
11,4,-9,grass,63.8
11,0,-3,grass,107.1
11,3,9,debris,100.5
11,-2,-2,grass,120.0
11,-2,7,grass,119.0
11,-2,4,debris,86.5
11,3,4,rabbit,36.3
11,-3,-5,grass,124.2
11,-2,8,grass,85.0
11,-1,-1,debris,59.0
11,-4,0,debris,65.5
11,-8,5,grass,70.2
11,5,-2,grass,75.5
11,4,-5,grass,123.5
11,1,-2,grass,139.0
11,6,0,debris,57.0
11,3,6,grass,97.3
11,3,7,grass,139.0
11,3,-5,grass,114.0
11,1,4,rabbit,99.8
11,-2,-4,grass,113.0
11,1,-1,grass,107.0
12,0,-8,debris,49.2
12,4,4,rabbit,55.9
12,-3,-3,debris,73.0
12,-2,10,rabbit,54.6
12,14,0,wolf,19.0
12,-2,2,grass,93.6
12,4,-7,grass,98.6
12,6,14,grass,90.0
12,-4,-4,grass,105.0
12,4,-3,grass,111.0
12,-1,0,grass,118.0
12,0,0,debris,110.5
12,5,3,rabbit,57.9
12,0,-7,grass,128.0
12,1,2,rabbit,95.5
12,-1,6,debris,88.5
12,0,-1,debris,63.0
12,1,0,grass,123.5
12,-5,-9,grass,120.0
12,-3,1,grass,105.0
12,5,-1,debris,40.5
12,-1,-6,grass,110.0
12,4,-2,debris,82.5
12,-1,-7,grass,75.5
12,6,2,rabbit,56.8
12,-1,4,debris,97.0
12,-4,12,grass,123.9
12,5,0,grass,75.6
12,-5,2,grass,86.3
12,-9,-1,grass,112.0
12,-3,12,grass,118.0
12,-4,-5,grass,68.5
12,4,8,grass,99.0
12,-6,5,debris,81.0
12,-11,0,debris,75.5
12,3,1,debris,62.0
12,0,-15,grass,142.0
12,-2,-7,debris,61.2
12,-3,-4,grass,102.5
12,5,4,grass,116.3
12,-4,2,grass,134.5
12,3,-6,grass,78.8
12,7,6,rabbit,109.1
12,3,8,debris,98.5
12,-9,6,grass,125.1
12,-2,1,debris,95.0
12,1,5,rabbit,58.6
12,7,-4,rabbit,99.1
12,-1,-4,grass,113.0
12,2,3,debris,61.8
12,-5,0,grass,91.0
12,5,-7,grass,103.6
12,-6,1,grass,110.5
12,2,1,grass,141.0
12,-2,-5,grass,94.0
12,-1,12,grass,88.0
12,-9,4,grass,119.2
12,-2,0,debris,140.0
12,-1,-5,debris,61.5
12,6,3,rabbit,61.0
12,6,1,debris,41.2
12,-3,-2,grass,125.0
12,1,11,grass,68.2
12,-4,-8,debris,91.5
12,-4,-2,grass,69.0
12,-3,4,grass,85.0
12,1,-4,grass,108.7
12,5,13,debris,113.0
12,-5,-6,grass,94.0
12,7,-7,grass,93.4
12,0,5,debris,84.0
12,-5,-7,grass,129.0
12,0,-14,grass,91.1
12,0,2,debris,147.0
12,4,5,rabbit,91.0
12,-1,13,debris,77.5
12,-3,0,debris,96.5
12,6,-3,grass,130.2
12,1,1,grass,136.5
12,3,5,grass,55.9
12,-5,-8,grass,80.1
12,3,-3,debris,101.0
12,0,-2,grass,109.2
12,2,7,rabbit,12.1
12,0,12,grass,73.0
12,7,-6,grass,144.0
12,6,-9,grass,67.4
12,2,-1,grass,64.0
12,0,4,grass,96.0
12,-3,-8,grass,115.0
12,-6,-1,debris,94.5
12,5,1,grass,97.5
12,-1,-3,grass,110.5
12,5,-3,grass,107.0
12,3,0,debris,52.0
12,7,1,grass,104.0
12,-2,-3,grass,151.6
12,-6,3,grass,121.0
12,3,-1,grass,116.5
12,-1,9,debris,53.2
12,-3,5,grass,117.0
12,2,9,grass,64.0
12,6,6,grass,128.0
12,-1,-2,grass,92.0
12,2,4,debris,47.8
12,-6,4,grass,90.0
12,-1,-14,grass,125.7
12,6,-7,grass,63.4
12,-4,-7,grass,56.8
12,3,-2,grass,104.5
12,-2,3,debris,74.5
12,-6,6,debris,100.0
12,-6,-8,debris,80.5
12,-8,6,grass,78.5
12,-5,1,debris,104.5
12,-7,-4,debris,49.8
12,8,-4,debris,70.0
12,-2,-6,grass,77.6
12,5,5,rabbit,62.9
12,-2,-10,debris,71.5
12,-4,-1,debris,50.8
12,-1,-9,grass,136.0
12,6,7,debris,80.0
12,-5,-1,grass,131.0
12,5,2,rabbit,101.1
12,-6,-7,grass,118.6
12,6,-1,grass,87.3
12,3,-4,grass,117.5
12,-12,0,grass,132.0
12,0,-6,grass,89.2
12,-1,2,grass,120.0
12,-2,6,grass,94.6
12,4,-1,grass,131.5
12,4,-8,grass,66.8
12,-2,5,debris,51.2
12,1,3,grass,144.0
12,-6,-5,grass,80.0
12,-5,-5,grass,84.7
12,-8,-13,grass,111.0
12,2,-3,grass,98.5
12,0,-5,grass,67.3
12,-7,-3,grass,97.5
12,-4,4,grass,113.0
12,4,0,grass,106.5
12,5,-5,grass,107.0
12,-3,6,grass,82.0
12,-8,-1,grass,129.7
12,-1,3,grass,128.8
12,3,-7,grass,107.2
12,-1,5,grass,67.5
12,-4,-6,debris,51.0
12,1,-7,debris,87.0
12,3,-10,grass,91.3
12,-2,-9,grass,94.0
12,-6,-9,grass,114.0
12,1,-3,grass,69.8
12,6,5,debris,69.0
12,-3,-7,grass,85.0
12,4,6,grass,82.5
12,-8,-2,grass,67.4
12,1,6,rabbit,19.6
12,-3,7,grass,140.0
12,-1,7,rabbit,8.1
12,5,15,grass,131.0
12,-2,-1,debris,75.5
12,4,1,grass,95.0
12,1,-8,grass,95.0
12,2,0,grass,116.0
12,-3,3,debris,48.0
12,-7,-2,grass,118.0
12,6,-6,debris,44.5
12,0,6,grass,85.7
12,5,-8,grass,56.8
12,4,3,rabbit,57.5
12,3,2,rabbit,56.6
12,-1,1,grass,101.0
12,-8,-12,debris,75.0
12,7,2,grass,90.0
12,7,7,rabbit,52.0
12,-6,2,grass,80.5
12,2,-2,grass,127.1
12,-3,-1,grass,140.0
12,-4,-3,grass,94.0
12,-4,1,grass,109.9
12,0,3,debris,86.0
12,-3,2,grass,110.0
12,-9,5,grass,120.1
12,-6,0,grass,111.2
12,0,1,debris,161.0
12,6,-2,rabbit,92.7
12,5,6,debris,102.0
12,0,-4,grass,147.0
12,4,-9,grass,73.8
12,0,-3,grass,117.1
12,3,9,debris,50.2
12,-2,-2,grass,130.0
12,-2,7,rabbit,46.3
12,-2,4,debris,96.5
12,1,-5,grass,102.2
12,-3,-5,grass,134.2
12,-2,8,grass,95.0
12,-1,-1,debris,69.0
12,-4,0,debris,75.5
12,-8,5,grass,80.2
12,2,-4,grass,109.7
12,5,-2,grass,85.5
12,1,7,rabbit,14.1
12,4,-5,grass,133.5
12,1,-2,grass,149.0
12,6,0,debris,67.0
12,3,6,rabbit,27.5
12,3,7,rabbit,36.2
12,3,-5,grass,124.0
12,1,4,rabbit,49.9
12,-2,-4,grass,123.0
12,7,3,rabbit,57.0
12,1,-1,grass,117.0
12,4,7,rabbit,11.1
12,2,5,rabbit,57.9
13,0,-8,debris,59.2
13,4,4,rabbit,56.8
13,-3,-3,debris,83.0
13,-2,10,rabbit,27.3
13,-2,2,grass,103.6
13,4,-7,grass,108.6
13,6,14,grass,100.0
13,-4,-4,grass,115.0
13,5,7,rabbit,61.4
13,4,-3,grass,121.0
13,-1,0,grass,128.0
13,0,0,debris,120.5
13,5,3,rabbit,63.9
13,0,-7,grass,138.0
13,1,2,rabbit,47.7
13,-1,6,debris,98.5
13,0,-1,debris,73.0
13,1,0,grass,133.5
13,-5,-9,grass,130.0
13,-3,1,grass,115.0
13,5,-1,debris,50.5
13,-1,-6,grass,120.0
13,4,-2,debris,92.5
13,-1,-7,grass,85.5
13,8,5,rabbit,64.1
13,-1,4,debris,107.0
13,-4,12,grass,133.9
13,2,8,rabbit,63.6
13,5,0,grass,85.6
13,-5,2,grass,96.3
13,-9,-1,grass,122.0
13,-3,12,grass,128.0
13,0,7,rabbit,15.2
13,-4,-5,grass,78.5
13,4,8,rabbit,90.7
13,-6,5,debris,91.0
13,-11,0,debris,85.5
13,3,1,debris,72.0
13,0,-15,grass,71.0
13,-2,-7,debris,71.2
13,-3,-4,grass,112.5
13,5,4,rabbit,57.0
13,-4,2,grass,67.2
13,3,-6,grass,88.8
13,7,6,rabbit,54.6
13,3,8,debris,49.2
13,-9,6,grass,135.1
13,-2,1,debris,105.0
13,1,5,rabbit,29.3
13,7,-4,rabbit,49.6
13,-1,-4,grass,123.0
13,2,3,debris,71.8
13,-5,0,grass,101.0
13,4,2,rabbit,56.6
13,-2,9,rabbit,6.1
13,5,-7,grass,113.6
13,-6,1,grass,120.5
13,2,1,grass,151.0
13,-2,-5,grass,104.0
13,-7,-9,grass,60.0
13,-1,12,grass,98.0
13,-9,4,grass,129.2
13,6,4,rabbit,50.5
13,-2,0,debris,150.0
13,-1,-5,debris,71.5
13,8,-7,grass,97.1
13,1,8,rabbit,5.3
13,6,1,debris,51.2
13,-3,-2,grass,135.0
13,1,11,grass,78.2
13,-4,-8,debris,101.5
13,-4,-2,grass,79.0
13,-3,4,grass,95.0
13,-7,2,grass,100.4
13,4,13,grass,132.0
13,1,-4,grass,118.7
13,5,13,debris,56.5
13,-5,-6,grass,104.0
13,7,-7,grass,103.4
13,0,5,debris,94.0
13,-5,-7,grass,139.0
13,13,1,wolf,3.0
13,0,-14,grass,101.1
13,0,2,debris,157.0
13,4,5,rabbit,45.5
13,-1,13,debris,87.5
13,-3,0,debris,106.5
13,6,-3,grass,65.1
13,1,1,grass,146.5
13,3,5,rabbit,60.5
13,-5,-8,grass,90.1
13,3,-3,debris,50.5
13,0,-2,grass,119.2
13,0,12,grass,83.0
13,7,-6,grass,72.0
13,6,-9,grass,77.4
13,2,-1,grass,74.0
13,0,4,grass,106.0
13,-3,-8,grass,125.0
13,-1,-15,grass,107.2
13,-6,-1,debris,104.5
13,5,1,rabbit,52.8
13,7,4,rabbit,47.4
13,-4,5,grass,70.4
13,-1,-3,grass,120.5
13,-1,8,rabbit,9.5
13,5,-3,grass,117.0
13,3,0,debris,62.0
13,7,1,grass,114.0
13,-2,-3,grass,161.6
13,-6,3,grass,60.5
13,3,-1,grass,126.5
13,-1,9,debris,63.2
13,-3,5,grass,58.5
13,2,9,grass,74.0
13,6,6,rabbit,121.0
13,-1,-2,grass,102.0
13,2,4,debris,57.8
13,-6,4,grass,100.0
13,-1,-14,grass,135.7
13,6,-7,grass,73.4
13,-4,-7,grass,66.8
13,3,-2,grass,114.5
13,-2,3,debris,84.5
13,-6,6,debris,50.0
13,-6,-8,debris,40.2
13,-8,6,grass,88.5
13,-5,1,debris,114.5
13,7,-1,rabbit,52.9
13,-7,-4,debris,59.8
13,8,-4,debris,80.0
13,-2,-6,grass,87.6
13,-2,-10,debris,81.5
13,-4,-1,debris,60.8
13,-1,-9,grass,146.0
13,6,7,debris,90.0
13,-5,-1,grass,141.0
13,5,2,rabbit,50.5
13,-6,-7,grass,128.6
13,6,-1,grass,97.3
13,3,-4,grass,127.5
13,-12,0,grass,142.0
13,0,-6,grass,99.2
13,-1,2,grass,130.0
13,-2,6,grass,104.6
13,-3,8,grass,100.5
13,4,-1,grass,141.5
13,4,-8,grass,76.8
13,6,-4,grass,110.0
13,-2,5,debris,61.2
13,1,3,rabbit,126.9
13,-6,-5,grass,90.0
13,-5,-5,grass,94.7
13,-8,-13,grass,121.0
13,-4,3,grass,86.8
13,2,-3,grass,108.5
13,0,-5,grass,77.3
13,-7,-3,grass,107.5
13,-4,4,grass,56.5
13,4,0,grass,116.5
13,6,3,rabbit,63.8
13,5,-5,grass,117.0
13,2,2,rabbit,60.3
13,-3,6,grass,92.0
13,-8,-1,grass,64.9
13,-1,3,grass,138.8
13,3,-7,grass,117.2
13,-1,5,grass,77.5
13,-4,-6,debris,61.0
13,1,-7,debris,97.0
13,3,-10,grass,101.3
13,-2,-9,grass,104.0
13,-6,-9,grass,124.0
13,1,-3,grass,79.8
13,6,5,debris,79.0
13,-3,-7,grass,95.0
13,4,6,rabbit,52.1
13,-7,6,grass,85.0
13,-8,-2,grass,77.4
13,2,6,rabbit,11.4
13,-3,7,grass,70.0
13,4,-4,grass,61.0
13,-1,7,rabbit,8.0
13,5,15,grass,141.0
13,-2,-1,debris,85.5
13,4,1,rabbit,109.1
13,1,-8,grass,105.0
13,2,0,grass,126.0
13,-3,3,debris,58.0
13,-7,-2,grass,128.0
13,6,-6,debris,54.5
13,0,6,rabbit,31.2
13,5,-8,grass,66.8
13,-1,1,grass,111.0
13,-8,-12,debris,85.0
13,7,2,rabbit,53.0
13,-9,0,grass,80.8
13,-6,2,grass,90.5
13,2,-2,grass,137.1
13,-3,-1,grass,150.0
13,-4,-3,grass,104.0
13,-4,1,grass,119.9
13,0,3,debris,96.0
13,-3,2,grass,120.0
13,-9,5,grass,130.1
13,-6,0,grass,121.2
13,-5,5,grass,115.3
13,0,1,debris,171.0
13,6,-2,rabbit,46.3
13,5,6,debris,112.0
13,0,-4,grass,157.0
13,4,-9,grass,83.8
13,0,-3,grass,127.1
13,3,9,debris,60.2
13,-2,-2,grass,140.0
13,-2,7,rabbit,23.2
13,-2,4,debris,106.5
13,1,-5,grass,112.2
13,3,4,rabbit,49.7
13,-3,-5,grass,144.2
13,-2,8,rabbit,27.8
13,-1,-1,debris,79.0
13,-4,0,debris,85.5
13,-8,5,grass,90.2
13,2,-4,grass,119.7
13,5,-2,grass,95.5
13,4,-5,grass,143.5
13,1,-2,grass,159.0
13,7,-5,rabbit,57.2
13,6,0,debris,77.0
13,3,6,rabbit,3.2
13,3,-5,grass,134.0
13,1,4,rabbit,50.5
13,-2,-4,grass,133.0
13,8,1,rabbit,57.4
13,1,-1,grass,127.0
14,0,-8,debris,69.2
14,4,4,rabbit,37.5
14,-3,-3,debris,93.0
14,-2,2,rabbit,208.5
14,4,-7,grass,118.6
14,6,14,grass,110.0
14,-4,-4,grass,125.0
14,5,7,grass,61.0
14,4,-3,grass,131.0
14,-1,0,grass,138.0
14,0,0,debris,130.5
14,5,3,rabbit,48.7
14,0,-7,grass,69.0
14,1,2,rabbit,60.5
14,-1,6,debris,108.5
14,0,-1,debris,83.0
14,1,0,grass,143.5
14,-5,-9,grass,140.0
14,-3,1,grass,125.0
14,5,-1,debris,60.5
14,-1,-6,grass,130.0
14,4,-2,debris,102.5
14,-1,-7,grass,95.5
14,8,5,rabbit,37.9
14,6,2,rabbit,41.9
14,-1,4,debris,117.0
14,8,0,rabbit,47.8
14,-4,12,grass,66.9
14,2,8,rabbit,31.8
14,5,0,rabbit,100.6
14,-5,2,grass,106.3
14,-9,-1,grass,132.0
14,-3,12,grass,138.0
14,-4,-5,grass,88.5
14,4,8,rabbit,45.4
14,-6,5,debris,101.0
14,-11,0,debris,95.5
14,3,1,debris,82.0
14,0,-15,grass,81.0
14,-2,-7,debris,81.2
14,-3,-4,grass,122.5
14,-4,2,grass,77.2
14,3,-6,grass,98.8
14,7,6,rabbit,58.5
14,3,8,debris,59.2
14,-9,6,grass,67.6
14,-2,1,debris,115.0
14,1,5,rabbit,60.4
14,-1,-4,grass,133.0
14,2,3,debris,81.8
14,-5,0,grass,111.0
14,-6,-2,grass,63.0
14,-2,9,rabbit,19.1
14,5,-7,grass,123.6
14,-6,1,grass,130.5
14,2,1,rabbit,61.6
14,-2,-5,grass,114.0
14,-7,-9,grass,70.0
14,-1,12,grass,108.0
14,-9,4,grass,139.2
14,-2,0,debris,160.0
14,-1,-5,debris,81.5
14,9,-4,grass,98.0
14,8,-7,grass,107.1
14,-13,0,grass,99.6
14,1,8,rabbit,15.4
14,6,1,debris,61.2
14,-3,-2,grass,145.0
14,1,11,grass,88.2
14,-4,-8,debris,50.8
14,-4,-2,grass,89.0
14,-3,4,grass,105.0
14,6,16,grass,109.8
14,-7,2,grass,110.4
14,4,13,grass,66.0
14,-3,-6,grass,81.8
14,1,-4,grass,128.7
14,5,13,debris,66.5
14,-5,-6,grass,114.0
14,7,-7,grass,113.4
14,0,5,debris,47.0
14,-5,-7,grass,149.0
14,5,-4,grass,97.0
14,0,-14,grass,111.1
14,0,2,debris,167.0
14,4,5,rabbit,44.0
14,-1,13,debris,43.8
14,-3,0,debris,116.5
14,6,-3,grass,75.1
14,1,1,rabbit,138.5
14,3,5,rabbit,30.2
14,-5,-8,grass,100.1
14,3,-3,debris,60.5
14,0,-2,grass,129.2
14,5,14,grass,132.0
14,0,12,grass,93.0
14,2,5,rabbit,8.4
14,7,-6,rabbit,98.2
14,6,-9,grass,87.4
14,2,-1,grass,84.0
14,0,-9,grass,77.7
14,-3,-8,grass,62.5
14,3,3,rabbit,49.3
14,-1,-15,grass,117.2
14,-6,-1,debris,52.2
14,-4,5,grass,80.4
14,-1,-3,grass,130.5
14,5,-3,grass,127.0
14,3,0,debris,72.0
14,7,1,rabbit,115.0
14,-2,-3,grass,171.6
14,-4,9,rabbit,7.9
14,-6,3,grass,70.5
14,3,-1,grass,136.5
14,-1,9,debris,73.2
14,-3,5,grass,68.5
14,2,9,rabbit,21.2
14,6,6,rabbit,60.5
14,-1,-2,grass,112.0
14,2,4,debris,67.8
14,-6,4,grass,110.0
14,-1,-14,grass,67.8
14,6,-7,grass,83.4
14,-4,-7,grass,76.8
14,3,-2,grass,124.5
14,-2,3,debris,94.5
14,-6,6,debris,60.0
14,-6,-8,debris,50.2
14,-8,6,grass,98.5
14,-5,1,debris,124.5
14,-7,-4,debris,69.8
14,-5,13,grass,73.6
14,8,-4,debris,40.0
14,-2,-6,grass,97.6
14,-2,-8,grass,108.3
14,5,5,rabbit,43.2
14,-2,-10,debris,91.5
14,-4,-1,debris,70.8
14,-1,-9,grass,73.0
14,6,7,debris,100.0
14,-5,-1,grass,151.0
14,5,2,rabbit,56.5
14,-6,-7,grass,138.6
14,6,-1,rabbit,50.8
14,3,-4,grass,137.5
14,-12,0,grass,71.0
14,0,-6,grass,109.2
14,-1,2,grass,140.0
14,-2,6,rabbit,65.3
14,-3,8,rabbit,28.2
14,4,-1,grass,151.5
14,4,-8,grass,86.8
14,6,-4,rabbit,52.3
14,-2,5,debris,71.2
14,1,3,rabbit,63.5
14,-6,-5,grass,100.0
14,-5,-5,grass,104.7
14,-6,-3,grass,78.0
14,9,5,rabbit,56.4
14,-8,-13,grass,131.0
14,-4,3,grass,96.8
14,2,-3,grass,118.5
14,0,-5,grass,87.3
14,-7,-3,grass,117.5
14,-4,4,grass,66.5
14,4,0,grass,126.5
14,5,-5,grass,127.0
14,-3,6,grass,102.0
14,-8,-1,grass,74.9
14,-1,3,grass,106.0
14,3,-7,grass,127.2
14,-1,5,rabbit,75.0
14,-1,10,rabbit,18.3
14,-4,-6,debris,71.0
14,1,-7,debris,48.5
14,3,-10,grass,111.3
14,-2,-9,grass,114.0
14,-6,-9,grass,134.0
14,0,-13,grass,105.5
14,1,-3,grass,89.8
14,6,5,debris,89.0
14,-3,-7,grass,105.0
14,-7,6,grass,95.0
14,0,4,rabbit,58.8
14,-8,-2,grass,87.4
14,1,6,rabbit,6.5
14,-3,7,rabbit,63.2
14,4,-4,grass,71.0
14,5,15,grass,70.5
14,-2,-1,debris,95.5
14,7,5,rabbit,46.5
14,4,1,rabbit,54.6
14,1,-8,grass,115.0
14,2,0,grass,136.0
14,-3,3,debris,68.0
14,-7,-2,grass,64.0
14,6,-6,debris,64.5
14,5,-8,grass,76.8
14,4,3,rabbit,55.8
14,-9,7,grass,117.6
14,-3,-9,grass,98.0
14,3,2,rabbit,48.9
14,-1,1,grass,121.0
14,-8,-12,debris,95.0
14,-9,0,grass,90.8
14,7,-2,rabbit,54.6
14,-6,2,grass,100.5
14,2,-2,grass,147.1
14,-3,-1,grass,160.0
14,-4,-3,grass,114.0
14,7,-3,rabbit,57.6
14,-4,1,grass,129.9
14,0,3,debris,48.0
14,-3,2,grass,130.0
14,-9,5,grass,140.1
14,-6,0,grass,131.2
14,-5,5,grass,125.3
14,0,1,debris,181.0
14,6,-2,rabbit,57.8
14,5,6,debris,56.0
14,0,-4,grass,167.0
14,4,-9,grass,93.8
14,0,-3,grass,137.1
14,3,9,debris,70.2
14,-2,-2,grass,150.0
14,-2,4,debris,116.5
14,1,-6,grass,89.0
14,1,-5,grass,122.2
14,3,4,rabbit,49.7
14,-3,-5,grass,72.1
14,-1,-1,debris,89.0
14,-4,0,debris,95.5
14,-8,5,grass,100.2
14,2,-4,grass,129.7
14,5,-2,rabbit,47.0
14,-1,14,grass,102.0
14,4,-5,grass,71.8
14,1,-2,grass,169.0
14,6,0,debris,87.0
14,3,7,rabbit,10.6
14,3,-5,grass,144.0
14,1,4,rabbit,50.5
14,-2,-4,grass,143.0
14,7,3,rabbit,55.4
14,5,9,rabbit,11.6
14,1,-1,grass,137.0
14,4,7,rabbit,53.1
14,-1,-8,grass,86.4
